born	75166.61641284935	Agent
species	36759.194278168834	Agent
river	27394.586658246633	Agent
school	22773.149534681652	Agent
lake	18971.298297367193	Agent
bridge	18236.54337813144	Agent
player	17446.43865490247	Agent
played	16997.964703565474	Agent
genus	15826.329584666217	Agent
league	15388.842970953598	Agent
song	14366.90268615068	Agent
served	14171.99330363245	Agent
career	14065.495457516956	Agent
member	13695.609367856165	Agent
university	13599.07224027509	Agent
team	13443.624540147182	Agent
professional	13423.48756026564	Agent
album	13319.70712543456	Agent
dam	13290.326373235095	Agent
located	13218.51480750586	Agent
km	13201.77633811297	Agent
championships	11484.888717843454	Agent
rugby	11324.92045603284	Agent
former	11311.387200936202	Agent
released	11271.059335523578	Agent
college	11023.44794232883	Agent
mi	10845.840162523613	Agent
found	10622.442888296368	Agent
party	10285.452935679787	Agent
hockey	10145.055247853837	Agent
line	9725.814782763478	Agent
mountain	9571.11270526623	Agent
died	9545.823682743088	Agent
stadium	9088.48801603049	Agent
route	8862.92895489969	Agent
highway	8777.97683305969	Agent
politician	8744.044901073214	Agent
range	8619.203925635378	Agent
world	8595.064409719691	Agent
hospital	8238.525408602709	Agent
museum	8076.601875540597	Agent
playing	8002.201128850078	Agent
american	7877.805844699937	Agent
coach	7758.814783788062	Agent
race	7744.538036924319	Agent
journal	7614.454656957423	Agent
mall	7577.17393145031	Agent
asteroid	7460.636622026087	Agent
family	7421.253054708237	Agent
ft	7405.623042535486	Agent
built	7244.97276054827	Agent
miles	7223.037845996192	Agent
published	7201.44650731575	Agent
water	6978.225866222608	Agent
elected	6769.607395209645	Agent
footballer	6764.340238022688	Agent
union	6547.011095900114	Agent
medal	6535.082651219212	Agent
village	6510.493432737885	Agent
channel	6450.739911885972	Agent
australian	6389.02145936094	Agent
senior	6378.186681057349	Agent
airport	6369.316888478232	Agent
competed	6366.282459797229	Agent
mountains	6196.786365045311	Agent
junior	6123.273876694974	Agent
metres	6111.463944597437	Agent
held	6014.796448615209	Agent
kilometres	5988.783700219797	Agent
son	5879.821561067682	Agent
club	5861.156191522839	Agent
january	5840.1286907347585	Agent
national	5836.786156863792	Agent
basketball	5761.154764612398	Agent
retired	5757.50599776693	Agent
single	5606.839076594153	Agent
married	5460.421664340053	Agent
radio	5434.473158912712	Agent
length	5358.376216626856	Agent
endemic	5221.244136630927	Agent
opened	5205.571263285466	Agent
festival	5190.519033372738	Agent
became	5135.007043889272	Agent
tropical	5058.898992281625	Agent
sea	5048.361588317814	Agent
feet	4986.328178296428	Agent
small	4984.044893477904	Agent
lighthouse	4982.886363847922	Agent
seasons	4945.169154289546	Agent
near	4939.79845308601	Agent
magazine	4938.824371604445	Agent
appointed	4858.965624826163	Agent
used	4814.965063470576	Agent
chart	4780.413565497351	Agent
north	4751.60898908663	Agent
place	4712.377343699267	Agent
diocese	4663.406652613776	Agent
railway	4660.110257192123	Agent
stakes	4657.370679598192	Agent
manga	4620.534875225539	Agent
road	4601.356431799819	Agent
park	4563.123777786583	Agent
joined	4509.62266513987	Agent
area	4501.20350676814	Agent
cricket	4476.685355040687	Agent
reservoir	4438.294637354989	Agent
worked	4426.402867045849	Agent
olympics	4397.840346289083	Agent
football	4314.652892604922	Agent
miss	4297.56800655645	Agent
town	4295.977795529922	Agent
pass	4278.565323489037	Agent
father	4261.75804617753	Agent
forests	4226.310169426813	Agent
lies	4197.129486767633	Agent
glacier	4181.983505612199	Agent
habitat	4174.241884892549	Agent
subtropical	4163.041948979274	Agent
plays	4145.795106991638	Agent
minister	4118.512852827196	Agent
hotel	4060.070891170918	Agent
march	4016.2379962414157	Agent
december	3981.031349128164	Agent
fish	3945.611973791515	Agent
shopping	3943.582577002161	Agent
population	3940.777058703921	Agent
doubles	3932.8519156988496	Agent
president	3908.027414440646	Agent
orbit	3877.6352514793143	Agent
long	3874.3111711894726	Agent
game	3863.3107151959625	Agent
currently	3840.4521822668175	Agent
flows	3789.763210650757	Agent
made	3787.0395076511745	Agent
brother	3750.759221789444	Agent
baseball	3750.516910637408	Agent
creek	3723.6441624689173	Agent
chess	3681.3641307365615	Agent
anime	3661.355173248982	Agent
february	3624.5899687715096	Agent
newspaper	3617.3023545143365	Agent
airline	3598.1961167430377	Agent
education	3569.757730853867	Agent
judge	3551.2970846157755	Agent
edition	3528.078071272327	Agent
large	3518.9301502455564	Agent
peak	3507.9054996400555	Agent
bank	3506.8655241977226	Agent
students	3503.2769104770573	Agent
studio	3501.283806934544	Agent
broadcasting	3482.1643205119462	Agent
attended	3467.466287090609	Agent
discovered	3461.4085929871053	Agent
video	3449.903486556476	Agent
draft	3437.769168306204	Agent
contains	3415.3446098805794	Agent
diameter	3410.464304297119	Agent
distance	3401.5183720886344	Agent
graduated	3393.1697503004925	Agent
billboard	3371.395888980218	Agent
albums	3369.3424453895163	Agent
assistant	3357.2670289125012	Agent
moist	3325.7330141853713	Agent
theatre	3311.6211784278876	Agent
island	3277.7476192351833	Agent
ice	3266.2492131151944	Agent
death	3254.195691188234	Agent
june	3237.2442049710253	Agent
natural	3218.240081347724	Agent
april	3211.285857764418	Agent
parliament	3185.963767429366	Agent
medals	3175.9615934508415	Agent
features	3167.4924969356553	Agent
version	3148.416752322548	Agent
site	3144.2991281890004	Agent
written	3122.9296944334587	Agent
law	3114.9733826118463	Agent
label	3083.092893638464	Agent
frog	3076.6217848296146	Agent
freshwater	3063.39370125097	Agent
freestyle	3043.60674658316	Agent
council	3042.7983799902463	Agent
canadian	3039.5510397101193	Agent
thoroughbred	3029.617722623547	Agent
handball	3026.905532267672	Agent
habitats	3020.882190833345	Agent
political	3012.970823041834	Agent
event	2965.147973106541	Agent
approximately	2955.001745379702	Agent
surface	2899.6788250467534	Agent
east	2836.436602787317	Agent
governor	2825.779547414617	Agent
produced	2819.431653411026	Agent
cm	2795.1569503685487	Agent
degree	2783.2197752016696	Agent
border	2766.7366949832967	Agent
july	2763.786602993794	Agent
schools	2742.8888920965337	Agent
tour	2734.137728087877	Agent
library	2731.8367039967425	Agent
musical	2720.5751489396985	Agent
facility	2709.871822957987	Agent
castle	2706.909593092634	Agent
professor	2691.9301219085287	Agent
september	2674.6323060974955	Agent
august	2662.9384281387333	Agent
center	2659.8234090441424	Agent
television	2651.7682202024057	Agent
observatory	2636.7831509276907	Agent
officer	2631.041356645799	Agent
cricketer	2618.417060603542	Agent
golfer	2614.925065760816	Agent
bird	2614.4064853267537	Agent
nhl	2604.65971039868	Agent
light	2604.0311876768346	Agent
daughter	2590.5140842058786	Agent
fm	2564.16013861992	Agent
tributary	2559.156967058747	Agent
november	2558.094371691753	Agent
earth	2552.2435078849207	Agent
summit	2540.614667580717	Agent
nba	2539.611945666137	Agent
spent	2526.9662539057645	Agent
part	2524.0823978365893	Agent
constructed	2523.2750437537143	Agent
skater	2521.603582772853	Agent
bishop	2510.7824789456085	Agent
southern	2502.7932315603334	Agent
pageant	2477.5769743155133	Agent
square	2469.268086676773	Agent
october	2467.3944783113216	Agent
swimmer	2465.58390902077	Agent
vfl	2459.0903005065466	Agent
dark	2448.317994944953	Agent
racehorse	2440.099968847002	Agent
returned	2439.823654821909	Agent
mm	2433.388305577068	Agent
tunnel	2421.1477092037867	Agent
appearances	2417.221016707277	Agent
situated	2414.2528156682765	Agent
case	2401.1509912105744	Agent
municipality	2396.5324456029493	Agent
region	2394.109806798232	Agent
mayor	2392.8338604655955	Agent
wrestling	2387.8134121472526	Agent
regiment	2363.279171011033	Agent
gastropod	2360.382806391769	Agent
magnitude	2357.2359066330278	Agent
forest	2355.7739882281985	Agent
kilometers	2349.4468221621655	Agent
province	2343.4937762951827	Agent
census	2341.179122249468	Agent
model	2335.69283710355	Agent
performed	2318.8015457852525	Agent
senate	2315.4501574357228	Agent
manager	2313.865080219124	Agent
within	2312.5728652263606	Agent
construction	2310.2515154427697	Agent
retirement	2309.3065520371306	Agent
high	2308.6113421931173	Agent
championship	2299.945094819229	Agent
earthquake	2294.922983240646	Agent
gymnast	2291.2719009145167	Agent
tournament	2290.6341447580335	Agent
plant	2261.0671320780475	Agent
maximum	2248.176386070627	Agent
founded	2248.1600714815704	Agent
educated	2247.014859301336	Agent
best	2244.2795736451276	Agent
discography	2241.240768006377	Agent
sun	2238.957100463602	Agent
figure	2236.1184488865056	Agent
bronze	2234.5241898117392	Agent
church	2221.3941756676854	Agent
house	2218.1480706914094	Agent
canal	2217.1300256025047	Agent
common	2216.9865058353207	Agent
spider	2212.3496170091857	Agent
age	2205.15750094868	Agent
titles	2204.670356482127	Agent
threatened	2203.0968654387652	Agent
firm	2188.2709986704463	Agent
original	2183.145593005968	Agent
traffic	2178.036054859641	Agent
drafted	2167.31566325096	Agent
wife	2159.8873719859116	Agent
satellite	2156.676840518605	Agent
signed	2151.3005816542855	Agent
medalist	2148.6455033118827	Agent
innings	2144.871595150572	Agent
connects	2142.782074157025	Agent
poker	2140.583863465147	Agent
basin	2139.3418397054684	Agent
galaxy	2138.8017268400167	Agent
soap	2138.0093252981856	Agent
occurs	2137.5588497973304	Agent
representing	2130.3066336613774	Agent
prison	2128.9859864264185	Agent
restaurant	2128.330344004688	Agent
painter	2122.2613924592574	Agent
engine	659193.4608501557	Device
engines	293885.53288980614	Device
cylinder	161469.02762770053	Device
v6	123984.36978669892	Device
dohc	94309.70169846651	Device
v8	90266.72129315897	Device
piston	63378.80619548202	Device
valves	55745.04585148292	Device
camshaft	53655.47937977391	Device
valve	47320.76297255397	Device
injection	46034.17867947604	Device
l	42657.17688373356	Device
sohc	41530.75027671962	Device
bmw	39190.44317507003	Device
combustion	38294.03338916616	Device
v12	36357.10882807205	Device
opel	34600.33351451059	Device
displacement	34358.99904429428	Device
torque	32935.29027066991	Device
crankshaft	32898.17800975569	Device
aluminum	32603.36078201987	Device
nissan	31868.77672530975	Device
timing	30428.905641422058	Device
camshafts	30282.81892499427	Device
diesel	29784.39567920928	Device
exhaust	26927.392048810445	Device
turbocharged	26754.316151151885	Device
mitsubishi	25693.66028189365	Device
fiat	22821.13879732122	Device
overhead	22645.31577616604	Device
intake	22574.38125906132	Device
ohv	22495.79815194851	Device
ford	20600.416567685937	Device
chrysler	20111.399164453967	Device
gasoline	19664.360494150813	Device
aspirated	18009.026578461846	Device
manifold	16640.538044767785	Device
fuel	16357.870177224926	Device
aluminium	15978.809337939412	Device
cam	15610.497724197005	Device
kw	15471.489327867566	Device
cylinders	15243.964544210716	Device
litre	14894.882242654658	Device
motors	14069.93544437782	Device
alloy	13947.203086427877	Device
citroën	13855.85594534349	Device
displacements	13616.765721894992	Device
ps	13278.986914877136	Device
block	12770.683910689786	Device
cc	12505.889095571174	Device
renault	12035.390712118935	Device
variable	11934.911796060052	Device
toyota	10842.611839218782	Device
hemi	10539.860117543803	Device
liter	10408.81166076811	Device
chevrolet	10388.735543113844	Device
litres	10232.995979070902	Device
rpm	9984.229689012343	Device
liners	9316.495477630015	Device
mazda	8295.142140707183	Device
bearings	7992.020395608465	Device
daimler	7896.902774554669	Device
volkswagen	7728.920459266491	Device
fitted	7643.735694811844	Device
petrol	7478.030215441795	Device
inline	7416.759816463261	Device
gm	7319.060714167426	Device
oldsmobile	7196.864891016924	Device
bhp	6938.763953276271	Device
lamborghini	6938.763953276271	Device
variants	6820.122375737226	Device
hp	6684.763412990551	Device
trucks	6043.470827097786	Device
peugeot	5868.967213015655	Device
turbo	5841.536393003392	Device
jaguar	5755.2399119568345	Device
ignition	5666.187645366083	Device
bore	5490.215699198508	Device
tvr	5473.448280296683	Device
horsepower	5283.754188361496	Device
throttle	5104.8922106281825	Device
subaru	4931.370145742053	Device
cu	4831.103095989471	Device
rods	4705.495170457866	Device
compression	4701.777372062927	Device
honda	4659.78519299843	Device
automobile	4634.934257592217	Device
emissions	4622.033065068909	Device
manufactured	4613.675847325174	Device
lancia	4350.257006111363	Device
versions	4225.644469867633	Device
hyundai	4111.8882326103385	Device
pump	3948.277558215337	Device
forged	3744.674912170862	Device
vehicles	3593.0842654343705	Device
applications	3524.4432469760573	Device
design	3285.05024322441	Device
powerplant	3230.9335439673214	Device
sump	3157.8357330562885	Device
psa	3098.9088386905655	Device
jeep	3092.344182053408	Device
phased	3067.272972531662	Device
produced	3009.257634947789	Device
displacing	2892.8543826027176	Device
bosch	2880.345307799267	Device
cars	2825.0139036196956	Device
models	2779.793728877405	Device
introduced	2595.200289201891	Device
crank	2583.6830011863694	Device
used	2549.8153683000337	Device
cadillac	2549.574559847538	Device
production	2468.42897339229	Device
heads	2430.9201118070428	Device
pontiac	2428.8432247831265	Device
chassis	2418.354774277994	Device
alfa	2242.3124707954194	Device
cooled	2118.717171845352	Device
buick	2068.202728367271	Device
sho	2044.9454107825427	Device
northstar	2009.5306161635458	Device
motor	1967.178690872865	Device
modular	1897.2861518825498	Device
proton	1897.2861518825498	Device
shaft	1833.734188469542	Device
naturally	1809.233327040802	Device
iron	1806.4484527690884	Device
variant	1652.350250783716	Device
designed	1631.1106675645453	Device
injected	1578.5123047488744	Device
shafts	1559.8663462911923	Device
magnesium	1559.8663462911923	Device
indycar	1543.0361538824848	Device
emission	1517.8018977555594	Device
oil	1501.1282290951947	Device
electronically	1498.8419410977722	Device
automotive	1475.9017367958004	Device
cummins	1471.0881397798853	Device
spacing	1402.4848914006238	Device
645	1371.587347098181	Device
phasing	1345.406838643142	Device
ef	1345.406838643142	Device
holden	1328.291405742471	Device
version	1311.5046351350659	Device
vulcan	1289.7470606565473	Device
replaced	1288.1793902792533	Device
cast	1269.225461399828	Device
driven	1193.6246052561087	Device
vibration	1188.7880848471111	Device
melling	1144.3162641651675	Device
romeo	1134.8174291942207	Device
quad	1118.5031408719492	Device
use	1103.834169115114	Device
ferrari	1082.6439940977907	Device
dual	1060.9779721350783	Device
developed	1056.1504594949631	Device
flathead	1050.720501641934	Device
taurus	1030.4939199729663	Device
specifications	1028.6899924613188	Device
powering	1022.4221624054395	Device
stroke	1010.9039494282619	Device
pickup	997.7946719956116	Device
transversely	975.4956645850391	Device
rocker	974.2665200758624	Device
blocks	963.6975203518244	Device
bucket	951.8078821104166	Device
volvo	944.190404064019	Device
automobiles	915.0197726820044	Device
mounted	911.3430685606266	Device
configurations	909.8201444022109	Device
bolts	909.8201444022109	Device
plugs	857.2414446086296	Device
compact	841.785749867782	Device
output	832.9613809458834	Device
prelude	830.3176929655605	Device
car	818.3120108009094	Device
hydraulic	799.7770961977513	Device
ls	764.3281573028737	Device
angle	759.0347655376038	Device
direct	714.8471333658259	Device
rb	704.8819859866571	Device
suzuki	682.1887536063355	Device
configuration	679.8386907986097	Device
efficiency	673.0812742935262	Device
internal	671.7297053074099	Device
ethanol	652.7570706618038	Device
series	652.0286129062433	Device
spark	651.1046163887004	Device
lifters	638.4604224583829	Device
chain	635.0870840283234	Device
twin	635.0117986744131	Device
tu	622.5245736429627	Device
rover	614.3023931936974	Device
isl	609.4749890081071	Device
yamaha	609.4749890081071	Device
modifications	594.0045015809383	Device
fuels	592.2693381475152	Device
kei	590.8656711754039	Device
mm	575.5568662071789	Device
gmc	570.1678673372033	Device
available	569.6830659436577	Device
dimensions	567.7021658981658	Device
vans	566.1987677416209	Device
induction	554.475508006288	Device
nm	554.475508006288	Device
vee	547.0430752661254	Device
powered	540.6104050549792	Device
offset	523.9750372890097	Device
family	503.4438743668155	Device
rockers	491.6081786776254	Device
bores	487.57981938659105	Device
type	481.3266503464183	Device
indirect	479.6696753630062	Device
m5	470.4928362544737	Device
smoother	470.4928362544737	Device
uses	464.34412413418124	Device
iteration	461.09468691782376	Device
consumption	443.95282396699787	Device
trim	440.53159839523994	Device
reduce	438.87722148144894	Device
astra	432.06175036924077	Device
bolt	428.74193319776305	Device
drive	425.89556078970924	Device
aurelio	423.658811872912	Device
pumps	423.658811872912	Device
pistons	413.66886552567905	Device
model	402.40286239636913	Device
essex	399.68015548021185	Device
chambers	393.88145988438885	Device
tuning	391.5440615234124	Device
vauxhall	388.4767036704222	Device
ax	388.4767036704222	Device
friction	388.4767036704222	Device
generation	382.7235218144606	Device
plant	379.91240250154516	Device
reliability	378.3304793372509	Device
horizontally	377.4655031187369	Device
sedan	377.4655031187369	Device
compared	373.45922772920136	Device
oxide	365.6847356751132	Device
302	365.5254019286338	Device
loads	363.85956930674524	Device
az	359.751749423767	Device
ag	358.49415071280754	Device
predecessor	357.7068586393013	Device
sequential	357.1818950565927	Device
kit	343.1120663934563	Device
maserati	340.2406375593625	Device
saab	339.7478659072387	Device
theta	338.9268788759375	Device
zeta	338.8773560741274	Device
durability	333.368175970194	Device
casting	331.6927998591239	Device
sharing	326.64637269242377	Device
ranged	326.081770158421	Device
designs	322.79745943752965	Device
benz	322.4106557366252	Device
gr	322.4106557366252	Device
per	320.0129230557348	Device
longitudinally	319.22982553360214	Device
tumble	319.22982553360214	Device
layout	319.0358697397408	Device
truck	318.43943162041705	Device
head	315.62118193350506	Device
technologies	313.73692778225796	Device
duty	309.67410956732056	Device
replace	309.4471449109647	Device
sleeves	307.3961174967178	Device
initialism	306.2226355699148	Device
bored	300.38941000991844	Device
girdle	294.2160875630412	Device
stamped	294.2160875630412	Device
motorsport	294.18424632448534	Device
codename	293.68739221287535	Device
enzo	287.2706158275264	Device
stainless	283.09899907334807	Device
bmc	283.0557770193046	Device
optional	279.8872784801023	Device
derivative	279.15052225577193	Device
vehicle	276.8183529851891	Device
153	273.28040050469133	Device
power	271.45453475522896	Device
cyclone	269.377449746976	Device
features	267.00516697059425	Device
indy	265.72684859514436	Device
reduces	264.1203462718039	Device
mg	264.1203462718039	Device
introduction	263.9724819775742	Device
1368	263.16514843154596	Device
dodge	261.72666669837844	Device
mercedes	259.92339682691534	Device
manufacturer	258.98386465609616	Device
boss	255.65390522275763	Device
saloon	249.00881407015623	Device
cubic	247.40043731020398	Device
gearbox	245.80370573722485	Device
meteor	242.1886050440445	Device
filter	239.29206241763626	Device
diameters	237.93691034222417	Device
equipped	236.66053095637008	Device
utilised	235.48833432526047	Device
held	83970.48245650111	Event
race	79605.18940702123	Event
event	69187.52277797044	Event
tournament	50154.00878894796	Event
festival	46718.26133306527	Event
final	39617.69993377986	Event
match	31146.808136092543	Event
cup	28661.809235976187	Event
place	28534.302151757485	Event
wrestling	23258.658369270204	Event
competition	22820.382602212605	Event
took	22737.76789085699	Event
battle	22171.3625924863	Event
election	19587.369185458712	Event
contested	18710.29555798853	Event
earthquake	17472.14102483158	Event
edition	14264.096496696937	Event
prix	13484.374930513137	Event
annual	13148.028565311104	Event
furlongs	11785.516733771536	Event
winners	11734.181550143585	Event
formula	11702.158168639126	Event
open	11493.099452973334	Event
annually	11404.552670835566	Event
eclipse	11192.879310002834	Event
championship	10603.815009192771	Event
defending	9747.59484095609	Event
elections	9457.404193058024	Event
grand	8893.444789423967	Event
champions	8691.047743136967	Event
run	8539.47338645096	Event
born	8276.707724125064	Event
courts	7661.88696250094	Event
rounds	7650.204339730182	Event
vote	7647.191352392857	Event
convention	7585.421619212967	Event
round	7393.564709940867	Event
seats	7266.734250031224	Event
forces	7213.284652086263	Event
distance	7166.850250561508	Event
presidential	7128.31311376514	Event
copa	7023.8330793684345	Event
victory	6819.972223955336	Event
occurred	6816.590373424811	Event
golf	6769.203216538002	Event
horse	6461.092523022019	Event
purse	6382.673733465396	Event
wwe	6232.759251094659	Event
uefa	6120.58847867775	Event
cmll	6094.02515863936	Event
motor	6042.5364549503265	Event
men	5854.64902221885	Event
lucha	5695.2629922150345	Event
solar	5365.650514592187	Event
winner	5281.939331702515	Event
challenger	5218.6031542273195	Event
incumbent	5203.160252919239	Event
troops	5180.21943395588	Event
atp	5149.56171795661	Event
stakes	5111.98867212583	Event
elect	4993.600448402738	Event
circuit	4927.864037378631	Event
film	4799.564546339936	Event
voters	4778.55049209203	Event
ferrari	4755.76385160665	Event
teams	4712.306543116948	Event
horses	4709.111265058073	Event
determine	4697.429166721664	Event
siege	4694.076390459177	Event
fillies	4542.457745041484	Event
fa	4466.412267880228	Event
lap	4340.389950004048	Event
strokes	4327.557602048061	Event
dirt	4277.576150696821	Event
fought	4221.001588833938	Event
caf	4150.278190977627	Event
wwf	4150.0686688303285	Event
defeated	4068.093156494131	Event
electors	4067.976684971926	Event
intensity	4066.7497487961864	Event
tag	4047.465381680411	Event
university	3973.532480884594	Event
iwrg	3962.072392765326	Event
concacaf	3947.803371616835	Event
holes	3944.238497517831	Event
tour	3938.5352254531927	Event
laps	3929.625620852126	Event
ahead	3897.9208563618604	Event
wrestlers	3887.462170981846	Event
outdoor	3795.6956434129715	Event
handicap	3723.4817756958832	Event
school	3694.9949695559912	Event
annular	3675.7590612472923	Event
libre	3641.019437798021	Event
tennis	3624.4030083261678	Event
schumacher	3608.9992155970717	Event
electoral	3545.7069580140324	Event
taça	3500.618217164207	Event
ppv	3477.056276361985	Event
women	3436.833129771885	Event
casualties	3427.4995353658896	Event
third	3387.0205785305843	Event
qualifying	3386.766997128676	Event
olympic	3378.942358578362	Event
events	3372.877092200812	Event
nations	3365.8051592668735	Event
organized	3360.1175270267263	Event
tna	3342.278357070782	Event
mclaren	3341.7410154630534	Event
fifa	3328.181860303967	Event
second	3237.968995198923	Event
obscuring	3219.9828925150005	Event
organised	3213.7722431011457	Event
species	3208.1097677991256	Event
time	3128.04654433659	Event
win	3117.2960782691894	Event
turf	3069.3602289368514	Event
republican	2977.795095271259	Event
army	2966.2314235451845	Event
knockout	2906.347315518467	Event
naucalpan	2874.8540030236804	Event
previous	2858.2169784581793	Event
racetrack	2807.8512371228107	Event
mercalli	2796.1341415510565	Event
repechage	2773.240927865983	Event
wembley	2747.765843747197	Event
located	2731.1175863586473	Event
viewer	2701.570481677668	Event
competitors	2679.4894385259836	Event
mares	2658.784450904424	Event
racecourse	2656.278611411728	Event
take	2590.6490567886317	Event
attack	2585.2505977250016	Event
album	2570.136392747597	Event
magnitude	2555.4869009817917	Event
candidates	2554.230528082494	Event
turnout	2504.1419724873376	Event
democratic	2475.039221460341	Event
undercard	2455.7412911202596	Event
clay	2440.502516078415	Event
station	2431.197269617103	Event
partial	2423.2025985280657	Event
thoroughbred	2422.2357622454374	Event
emll	2414.3696324243583	Event
epicenter	2411.854844640313	Event
total	2406.983620466497	Event
operation	2382.3651396334117	Event
released	2370.04152045477	Event
prize	2367.181150690307	Event
scheduled	2355.1385810716392	Event
wrestlemania	2352.6919144087415	Event
show	2341.6366616908404	Event
family	2337.9723507836666	Event
lpga	2328.9324676838387	Event
campaign	2283.787191645108	Event
libertadores	2277.830317386135	Event
attacked	2268.137613921645	Event
scores	2267.360150129804	Event
war	2254.049810749879	Event
nominee	2217.8827673223495	Event
coach	2204.2777124961617	Event
qualification	2182.660409007157	Event
drivers	2182.4293310467783	Event
first	2159.3111860121885	Event
occurs	2157.191663886341	Event
shots	2129.295010964786	Event
totally	2117.818630200751	Event
mile	2115.0978641479987	Event
pole	2084.916793781213	Event
goal	2081.0500054469167	Event
served	2066.9712049748905	Event
extra	2034.99764095941	Event
olympics	2021.9563978472343	Event
sudamericana	2020.2527321533628	Event
leg	2018.9842503901762	Event
metre	2013.7548437781197	Event
ufc	1991.5190475230056	Event
lead	1982.6883005354712	Event
thereby	1979.4103699755815	Event
champion	1977.8214625565263	Event
member	1977.5706678818995	Event
nicklaus	1976.696292127807	Event
earthquakes	1968.7498224582062	Event
fair	1960.5363175282685	Event
course	1960.1277572278516	Event
gubernatorial	1938.4870882541552	Event
conflict	1929.0430768540386	Event
attacks	1923.6472524041385	Event
penalties	1923.034531796779	Event
ottoman	1916.7187631088796	Event
shot	1908.1963672479792	Event
qualified	1900.598196872767	Event
flat	1875.4658267133073	Event
ofc	1874.273353295744	Event
rey	1873.801987572806	Event
player	1865.8724391548953	Event
fencing	1863.374244547071	Event
captured	1851.1631299367034	Event
hard	1848.5546807643518	Event
elimination	1848.1505676236118	Event
armies	1830.248001257295	Event
programme	1824.0806528814496	Event
dives	1815.8905351657033	Event
penalty	1815.8496365115907	Event
church	1811.6370683897337	Event
uci	1806.2662146196558	Event
sponsorship	1790.6676461828554	Event
career	1788.1708923645501	Event
supertaça	1778.5034012953222	Event
capture	1777.5853689250077	Event
votes	1769.6460022422975	Event
sun	1758.9097505572781	Event
staging	1752.9948735707487	Event
apuestas	1743.7056953423594	Event
replay	1720.4526518025687	Event
metres	1714.6168309049751	Event
portugal	1706.6140209719945	Event
basketball	1692.6962622269466	Event
prost	1678.9737872989165	Event
running	1675.4085911028913	Event
blocking	1651.4025909523573	Event
2016	1624.804446901951	Event
aintree	1619.5366707250948	Event
driver	1614.4578781213386	Event
divers	1600.2044515888604	Event
wcw	1597.9250354594067	Event
attendance	1585.8493540138493	Event
vettel	1584.3176828154526	Event
tsunami	1583.3636453133554	Event
finalists	1575.1349740479395	Event
allied	1574.0264579516243	Event
attendees	1569.509685933218	Event
brabham	1568.8180957932202	Event
published	1554.7861317433342	Event
landslide	1550.3229792238326	Event
defeating	1550.0313865784713	Event
fighting	1549.3831062513152	Event
saturday	1548.0707588504365	Event
stroke	1541.7204578198166	Event
filmmakers	1535.771663464185	Event
result	1528.7554904371211	Event
conmebol	1527.0814449373975	Event
decisive	1525.3801944260606	Event
weekend	1523.2355765646787	Event
minutes	1519.5081892580727	Event
lake	1519.2570081532222	Event
räikkönen	1516.7866237531655	Event
smackdown	1515.5179446234017	Event
hosted	1514.3385710017355	Event
defeat	1510.3128135422216	Event
minute	1509.2150426567011	Event
bridge	1494.9457933674782	Event
consejo	1492.5948284190044	Event
culmination	1491.3289588954608	Event
mundial	1482.1441475633417	Event
majority	1478.459070521426	Event
college	1469.0572002238396	Event
senna	1466.3946350247963	Event
since	1463.7004645998736	Event
versus	1458.2862017403377	Event
engagement	1452.186740793083	Event
band	1443.4094885294862	Event
results	1440.0358165407322	Event
aggregate	1440.0339903555923	Event
thoroughbreds	1437.8619700309257	Event
score	1436.8174436827167	Event
soldiers	1424.5125914666066	Event
defended	1424.2804154524138	Event
films	1423.716087839951	Event
moon	1422.1708185553011	Event
former	1420.199223936092	Event
participants	1415.382800748252	Event
coalition	1415.261619443668	Event
margin	1414.6989283173332	Event
archery	1382.7901289455372	Event
woodbine	1381.4915374084567	Event
genus	1376.1929528275032	Event
shooting	1374.603210233461	Event
invasion	1370.6351424452937	Event
undertaker	1370.211499307368	Event
money	1364.472240269568	Event
party	1356.247312937969	Event
häkkinen	1350.1138995836325	Event
matches	1332.6172105350313	Event
reinforcements	1322.320537146946	Event
damage	1318.6043569735937	Event
earth	1314.6405159803348	Event
quake	1314.267697881042	Event
would	1306.5894576777223	Event
moment	1305.964004829289	Event
song	1303.8344431258058	Event
njpw	1293.5209404919274	Event
airport	1290.1970786431948	Event
ships	1289.7150534535458	Event
river	1286.942375443147	Event
ecw	1277.6163932414943	Event
consisted	1272.690732891476	Event
croke	1269.0696790095249	Event
high	1269.0642629115612	Event
buys	1268.1123150537564	Event
river	94463.39498276045	Place
located	78206.80962475295	Place
lake	74084.27233765055	Place
bridge	72498.48932604771	Place
km	52589.4619013323	Place
dam	48716.60238048462	Place
mi	40104.20253326869	Place
hospital	39182.35589826018	Place
route	38159.358076169105	Place
line	37413.3463052991	Place
airport	36978.640258614476	Place
mountain	36131.78082998699	Place
highway	35232.134742338894	Place
museum	35082.45346633064	Place
built	33609.19114489773	Place
mall	30092.915114092302	Place
asteroid	29422.13884897529	Place
railway	28032.83178888532	Place
village	26383.414702140624	Place
diocese	25967.06497446753	Place
church	25808.39481880314	Place
road	22785.44527171009	Place
ft	22431.651542873467	Place
opened	21827.199795337878	Place
area	21671.612939339313	Place
range	20461.93953534068	Place
county	20070.712121573033	Place
miles	20061.363463607486	Place
lighthouse	19664.779618580524	Place
kilometres	19464.393804653533	Place
mountains	19433.920082113564	Place
town	19333.302101104455	Place
born	19172.51678545348	Place
feet	17989.858296759372	Place
reservoir	17424.391446668495	Place
glacier	16416.4756982269	Place
lies	16369.900591280846	Place
stadium	16254.457381067201	Place
water	16121.838471779904	Place
hotel	16106.893150072332	Place
shopping	15835.650139013858	Place
pass	15542.279484440598	Place
orbit	15417.57008470902	Place
flows	14723.660200841821	Place
creek	14591.29412093022	Place
near	13656.35171978026	Place
construction	13018.532871204907	Place
east	12954.886592889086	Place
satellite	12928.896161070354	Place
province	12659.708191590755	Place
facility	12421.224982788483	Place
north	12365.081894055309	Place
site	12057.290394351923	Place
peak	12006.83998780603	Place
center	11927.584407571501	Place
west	11708.088494029498	Place
situated	11637.25679398197	Place
team	11506.794701285195	Place
park	11438.449741073724	Place
population	11311.822682040638	Place
castle	11260.948585205084	Place
municipality	11103.335427408701	Place
season	11099.765109344076	Place
approximately	10774.153332387103	Place
constructed	10717.091757153414	Place
district	10650.237261461183	Place
league	10643.971207680066	Place
played	10612.95857500486	Place
building	10582.539301275974	Place
observatory	10491.636513492133	Place
station	10471.349111771979	Place
restaurant	10422.365794609148	Place
census	9947.701680043327	Place
prison	9860.801665368868	Place
tributary	9721.672166049104	Place
canal	9687.905588828986	Place
summit	9592.39925608632	Place
traffic	9506.476497767313	Place
mount	9498.699850178611	Place
tunnel	9441.245530888555	Place
discovered	9428.382872495664	Place
border	9412.94730394019	Place
centre	9220.633085576632	Place
valley	9147.572717373747	Place
capacity	9070.265496021104	Place
connects	8997.424516326297	Place
street	8933.870196283031	Place
kilometers	8883.660887931279	Place
square	8743.169162160018	Place
metres	8585.451886682646	Place
city	8466.994523587038	Place
township	8411.856959506811	Place
spacecraft	8371.248398570979	Place
iata	8314.012840526702	Place
icao	8176.030237385887	Place
part	8127.902891218726	Place
coaster	7911.339843979615	Place
space	7905.727504359035	Place
parish	7875.054547855115	Place
island	7849.333542088974	Place
used	7795.735355719658	Place
south	7781.672831522416	Place
cathedral	7703.407846842759	Place
elevation	7585.0531413498775	Place
terminus	7335.454437147038	Place
archdiocese	7328.391767849274	Place
northeast	7147.138704408965	Place
designation	7030.057522736476	Place
football	6801.8576264995245	Place
player	6705.801849910133	Place
galaxy	6702.3435726721	Place
diameter	6692.621782384062	Place
launch	6633.2567964931095	Place
region	6586.084086189366	Place
party	6543.55362560042	Place
planet	6514.163653029638	Place
operated	6430.922878691476	Place
historic	6379.695590855378	Place
astronomer	6282.146337225353	Place
professional	6254.09610222246	Place
southwest	6128.620287664414	Place
hydroelectric	6120.799687908991	Place
northwest	6114.812771324578	Place
faa	6102.1168876615975	Place
american	6090.89507114098	Place
cup	6089.8546398212275	Place
cave	5976.949385794832	Place
album	5952.818996629725	Place
released	5930.955434853453	Place
avenue	5852.730848808466	Place
completed	5815.503717621164	Place
au	5801.527180457368	Place
albedo	5790.809516372229	Place
species	5767.878394068238	Place
junction	5754.823234293698	Place
kosmos	5720.052754322276	Place
complex	5712.677333206103	Place
tower	5701.991452943699	Place
designated	5681.352489016092	Place
volcano	5657.893058054986	Place
sq	5648.0085941361485	Place
main	5637.136738102513	Place
career	5542.353917384933	Place
interstate	5478.1250595179845	Place
championship	5454.734139210658	Place
closed	5344.772980956931	Place
crosses	5296.780705126456	Place
ngc	5296.463825484763	Place
orbits	5251.080170561812	Place
location	5227.1248803023345	Place
project	5203.272022120406	Place
largest	5195.676349498083	Place
concrete	5185.670760004274	Place
km2	5170.982346343392	Place
connecting	5161.79480600804	Place
correctional	5112.989634022786	Place
nearby	5066.655962790305	Place
trains	5017.881851412341	Place
state	4993.358681620753	Place
catholic	4940.06579668523	Place
light	4907.05475124799	Place
coach	4894.2196757307875	Place
watershed	4836.12333824092	Place
care	4825.826116825295	Place
roller	4824.233027816087	Place
voivodeship	4810.7256313706575	Place
point	4789.013005630835	Place
school	4771.9645361351995	Place
southeast	4707.1863632318755	Place
stores	4702.848697766977	Place
basin	4657.818646200522	Place
adjacent	4623.425317942928	Place
designed	4621.477113428968	Place
lid	4619.194388599363	Place
northern	4585.815202260555	Place
within	4494.266737500493	Place
peaks	4488.378690193486	Place
alps	4432.098287260169	Place
gmina	4404.598036213143	Place
final	4383.272842369969	Place
central	4339.760372312264	Place
ridge	4316.961295378049	Place
m2	4280.711016435535	Place
mission	4277.868589736153	Place
constellation	4276.673582589461	Place
surface	4263.034966454045	Place
world	4261.207761221021	Place
roman	4217.593905200827	Place
member	4199.614554948545	Place
sr	4194.221177981334	Place
trail	4190.899341409526	Place
game	4189.145705875914	Place
acres	4138.663177158826	Place
southern	4136.403037356555	Place
bridges	4119.230716579166	Place
orbital	4099.3654421165875	Place
ecclesiastical	4075.885147882928	Place
music	4030.307482215039	Place
long	4028.229485123879	Place
asteroids	4024.437474565103	Place
downstream	4007.094999112254	Place
section	3997.477759703546	Place
along	3957.317301039858	Place
dioecesis	3953.391847051535	Place
rises	3940.7860086361143	Place
record	3901.148083090919	Place
crossing	3875.9556854073157	Place
named	3869.7320160594627	Place
observations	3860.9436371313873	Place
inmates	3801.479608648731	Place
irrigation	3796.6066658043965	Place
expressway	3750.46856702052	Place
nautical	3721.7649573576814	Place
rail	3718.083789331742	Place
games	3692.331976314164	Place
volcanic	3687.51951257344	Place
song	3687.0760255415244	Place
romanized	3666.333343467165	Place
rocket	3653.0126692792583	Place
lakes	3643.978894082484	Place
spans	3637.1369514366324	Place
election	3627.333737850074	Place
championships	3611.470795747369	Place
ground	3566.713787157464	Place
club	3541.1112028521998	Place
university	3536.101433351791	Place
tournament	3526.9149967316876	Place
rotation	3523.386555931537	Place
intersection	3514.061896723957	Place
college	3488.8068335602297	Place
series	3473.8180680452997	Place
span	3466.9214469310314	Place
eccentricity	3462.22602763113	Place
hills	3454.101033588267	Place
tour	3453.606205185124	Place
survey	3440.9216885863743	Place
race	3436.3322256006145	Place
shore	3396.1144302223097	Place
first	3365.0020797083207	Place
structure	3364.6004277765333	Place
ny	3363.1792430063515	Place
eastern	3362.891485781352	Place
arch	3355.508908959029	Place
held	3344.5667322103427	Place
drains	3335.940582111224	Place
heritage	3319.31165618906	Place
wooden	3314.675322691804	Place
inclination	3306.7680052571814	Place
stream	3305.509516304765	Place
venue	3279.6166069126166	Place
link	3279.5479540506353	Place
latin	3278.315741600954	Place
suffragan	3235.338977738316	Place
event	3230.62621625573	Place
belt	3208.269713615639	Place
satellites	3196.226570011717	Place
upstream	3196.0777497567174	Place
lanes	3191.8100901451103	Place
competed	3177.0556087393843	Place
flow	3162.7706028978537	Place
portion	3150.4388898526568	Place
department	3138.000895510525	Place
brightness	3136.8739859131624	Place
genus	3120.1029755912573	Place
ecliptic	3115.4393984535523	Place
mw	3114.982730631774	Place
motorway	3096.443351731006	Place
hospitals	3085.6634007759867	Place
olympics	3067.0254261485293	Place
pa	3047.6017390543234	Place
freeway	3000.4928919796516	Place
rooms	2994.8742699532763	Place
division	2985.8615505156463	Place
play	2977.9541186794772	Place
infrared	2970.717187420575	Place
height	2946.0579065676384	Place
title	2934.750286419518	Place
slopes	2926.5157065624107	Place
flood	2907.9158798349044	Place
château	2887.402766681726	Place
km²	2860.249844085405	Place
debut	2854.739383255633	Place
photometric	2842.1049995414633	Place
meters	2838.6561790592773	Place
orbiting	2835.2927049432283	Place
champion	2813.6207820136756	Place
upper	2795.10467271038	Place
band	2789.599208557091	Place
earth	2785.0615504585403	Place
administrative	2776.416814739333	Place
entrance	2773.9640770659425	Place
australian	2757.8018447757554	Place
singles	2741.7833649387567	Place
seating	2731.852765800993	Place
win	2725.0577944963966	Place
passes	2722.1303613060672	Place
cost	2714.820429477569	Place
ranges	2714.3519661536657	Place
confluence	2711.0001343894205	Place
fork	2702.4857402858015	Place
species	477611.66438478907	Species
genus	215818.90394686564	Species
family	148394.33784736297	Species
found	119372.1992710865	Species
endemic	68328.98640966101	Species
tropical	64348.1717844135	Species
subtropical	56544.341622149484	Species
habitat	50210.031553901	Species
forests	49891.206434824955	Species
moist	44770.1729193688	Species
frog	40430.67932223767	Species
habitats	39410.82634638949	Species
cm	38333.4031099014	Species
racehorse	35998.22487676686	Species
fish	32584.352464850264	Species
gastropod	32183.501935854085	Species
freshwater	31894.769156127775	Species
described	29376.14768844506	Species
spider	29185.391763774012	Species
mm	28415.29052560972	Species
bird	27805.096807488928	Species
stakes	26896.31321745427	Species
threatened	26808.80606195173	Species
moth	25813.18744028367	Species
cultivar	25097.05999121448	Species
lowland	24754.271956825116	Species
snail	24619.771404609222	Species
common	24011.76746805132	Species
fungus	23630.634552821775	Species
natural	23062.332345587856	Species
mollusk	22698.521774170356	Species
subspecies	21710.957086728544	Species
genera	21130.707050300654	Species
sire	21129.28065466493	Species
tree	20907.36329342256	Species
marine	20230.95972573019	Species
thoroughbred	20115.360384538875	Species
grows	19641.146064250734	Species
snails	19495.81309072812	Species
foaled	18932.552013814995	Species
montane	18611.44889361856	Species
extinct	18541.859033774752	Species
fungi	18208.7590497284	Species
dark	18090.48949854534	Species
fern	18045.1735435933	Species
males	17691.252049781604	Species
eggs	17484.655667038096	Species
small	16999.34118498046	Species
females	16860.945145857837	Species
length	16811.09288559555	Species
snake	16579.129332614182	Species
larvae	16520.984943653217	Species
breeding	16170.276526714626	Species
birds	15839.207491214773	Species
wingspan	15189.326526863442	Species
pale	14874.249307242571	Species
spiders	14506.891642722405	Species
marshes	14487.251641620354	Species
sea	13999.394067247491	Species
crab	13852.242068493193	Species
tail	13693.335596846535	Species
lizard	13660.111215037123	Species
centimetres	13295.08952184503	Species
forewings	13271.991601076219	Species
commonly	13043.867166691029	Species
brown	12967.268440518083	Species
white	12795.140714198758	Species
races	12222.772635503328	Species
grape	12114.57582146422	Species
scales	11885.001807977866	Species
hybrid	11664.941109762272	Species
intermittent	11610.331828474847	Species
salamander	11528.61588308212	Species
subfamily	11407.441422521513	Species
insects	11396.20889286087	Species
native	11352.369326379763	Species
stud	11303.996784908042	Species
dorsal	11262.123603673339	Species
bred	11206.577858789215	Species
feed	11177.816177305249	Species
fruit	11142.395355278737	Species
leaves	10943.601111345035	Species
monotypic	10796.792483357025	Species
mushroom	10508.306997349619	Species
fuscous	10414.729219132709	Species
temperate	10234.619739310783	Species
yellow	10195.501893814562	Species
hindwings	10184.307165166545	Species
nest	10086.449136636782	Species
adults	9994.521598713214	Species
crabs	9976.283510498617	Species
shrimp	9969.078815560633	Species
iucn	9967.218625764606	Species
black	9783.19846159054	Species
dry	9677.080931014	Species
grey	9583.957805685242	Species
plant	9395.61182763708	Species
loss	9268.26266234695	Species
type	9065.26303549853	Species
occurs	8852.881324869628	Species
broodmare	8726.249892610882	Species
prey	8557.329406691215	Species
specimens	8479.670547142332	Species
turtle	8296.853117451015	Species
ulmus	8277.531171661481	Species
trees	8154.7119464116495	Species
containing	8144.9828946305115	Species
whitish	8123.919172370986	Species
bromeliad	8095.16309061757	Species
crustaceans	8091.295883147068	Species
costa	8032.011574098318	Species
specimen	8005.335458835058	Species
known	7855.919666024356	Species
hylidae	7772.577217037691	Species
mites	7761.792672319801	Species
spores	7709.167667081323	Species
rivers	7597.606714540812	Species
endangered	7524.373620885941	Species
legs	7521.286305779918	Species
fossil	7499.073065090146	Species
fin	7486.933457772028	Species
gecko	7480.8714510637765	Species
degraded	7467.9447400840945	Species
sired	7449.2394965981675	Species
algae	7372.604502447179	Species
plumage	7352.15039758671	Species
similar	7248.920994653428	Species
grow	7194.703848824343	Species
elm	7178.63821899371	Species
warbler	7047.155460719449	Species
plants	7037.575803726723	Species
closely	6961.32046121114	Species
toad	6822.578214696506	Species
related	6821.403513536255	Species
eel	6817.4075325195245	Species
grassland	6806.438494502507	Species
islands	6792.096576635602	Species
leaf	6791.529020979328	Species
large	6737.399554116362	Species
shrubland	6707.01292556845	Species
cretaceous	6705.619307809207	Species
guineas	6477.5357439522195	Species
skink	6476.608804915723	Species
mollusks	6473.252033475376	Species
long	6447.061294099578	Species
fins	6421.392704784146	Species
swamps	6409.83225175887	Species
breuning	6372.755368545349	Species
usually	6371.4694902235715	Species
inhabits	6294.015468870527	Species
populations	6232.222704188315	Species
basal	6163.075763449544	Species
underparts	6159.658080267821	Species
venomous	6035.20557761747	Species
depths	6013.861456709987	Species
derby	6007.817048702278	Species
distinct	5970.209233490782	Species
slender	5965.842363785798	Species
taxon	5910.061722192022	Species
ocean	5862.113320019079	Species
passerine	5848.61946987445	Species
stallion	5818.958743113281	Species
spots	5780.087935052985	Species
belonging	5768.158702734527	Species
fronds	5668.10516216192	Species
madagascar	5662.504312265057	Species
snakes	5629.7143589336065	Species
waters	5628.2537753429	Species
colour	5623.3189939561935	Species
sometimes	5558.777454490664	Species
widespread	5478.391539590307	Species
guinea	5460.273540038429	Species
born	5436.1376629614515	Species
mite	5428.889661916282	Species
conifer	5415.747741996821	Species
pine	5414.103684611597	Species
brownish	5399.744833499888	Species
breeds	5386.948116889902	Species
crustacean	5374.296377487624	Species
terrestrial	5350.212179823733	Species
blackish	5328.213881972249	Species
america	5275.846834795379	Species
buddleja	5264.92144768747	Species
beetle	5252.793040186388	Species
possibly	5235.124128688699	Species
fishes	5172.318548089075	Species
pulmonate	5145.831921993705	Species
mycologist	5143.884114870603	Species
frogs	5111.616183735155	Species
teeth	5085.6170722826155	Species
salticidae	5069.027184529598	Species
superfamily	5043.508766222288	Species
feeds	5027.03258784074	Species
feeding	5014.263368400175	Species
epsom	5000.423025193891	Species
savanna	4955.78648937494	Species
skin	4851.992300375569	Species
forest	4836.939452813332	Species
nests	4833.996413074664	Species
occur	4811.941224545098	Species
fungal	4796.50573335668	Species
taxa	4787.579314985277	Species
apex	4779.136384361691	Species
shark	4768.647688951529	Species
lizards	4749.6026482029565	Species
often	4655.858177157837	Species
beetles	4652.139569854969	Species
fossils	4651.063639711577	Species
yellowish	4608.993405248879	Species
shell	4596.121828326778	Species
subgenus	4590.897000412309	Species
darker	4577.331734312139	Species
cones	4574.897027799744	Species
aquatic	4573.191272298643	Species
contains	4569.938827847522	Species
typically	4546.196247796934	Species
team	4532.839286731925	Species
gills	4520.161396461529	Species
costal	4510.558263631884	Species
wine	4509.903071457279	Species
crayfish	4483.910660774537	Species
epithet	4482.841905612642	Species
flycatcher	4481.548770712623	Species
clade	4454.590676773585	Species
size	4449.9117764370485	Species
underside	4442.238630992662	Species
millimetres	4384.245310919863	Species
edible	4376.521218469967	Species
synonym	4344.006915837078	Species
spines	4335.942359801098	Species
pathogen	4309.309175100754	Species
stipe	4267.7416019242655	Species
lichen	4246.419267830803	Species
seeds	4190.623940580811	Species
filly	4168.08201582274	Species
mushrooms	4145.765964716862	Species
asia	4116.894962537627	Species
areas	4111.962890040263	Species
markings	4107.480769486928	Species
africa	4089.2671470127275	Species
eyes	4080.6723943882553	Species
snout	4069.181642990134	Species
ferns	4053.439857629891	Species
feathers	4047.9789688985193	Species
dorsum	4039.8474329498345	Species
pinus	4030.1308999353973	Species
league	4025.616306158413	Species
cyathea	4024.486593719983	Species
carapace	4022.5529790383525	Species
ventral	3993.7649199000957	Species
parrot	3966.64540484189	Species
abdomen	3947.9459719334886	Species
played	3939.731314099917	Species
coloration	3921.486627004246	Species
congo	3917.8708394015766	Species
sexes	3890.5819090657906	Species
invertebrates	3885.0924152056755	Species
aquarium	3883.2950069458575	Species
mature	3875.233640052434	Species
reefs	3868.5944219986645	Species
plantations	3831.982149941151	Species
upperparts	3809.4350068955355	Species
red	3758.668334464564	Species
body	3748.1115435351976	Species
mollusc	3728.913842525577	Species
color	3717.797256709937	Species
throat	3684.859479849934	Species
bodies	3678.2587249618173	Species
specific	3650.4419827672655	Species
var	3637.63764728185	Species
football	3620.0394886359727	Species
holotype	3607.818385058219	Species
green	3594.175226795314	Species
paler	3579.022928826753	Species
phylogenetic	3538.8849338809464	Species
shells	3536.0777497508298	Species
thin	3514.107604258196	Species
rathbun	3457.7080301989527	Species
juvenile	3447.0550566194497	Species
male	3435.712493523983	Species
cap	3427.0295142440264	Species
discal	3379.3327426481483	Species
brazil	3368.093538124545	Species
catfish	3364.5018679171544	Species
vegetation	3360.7765485203877	Species
apical	3358.6699473808117	Species
vulnerable	3325.969367444705	Species
coniferous	3319.1929312547823	Species
breeders	3307.736768267222	Species
diet	3276.285885408594	Species
thick	3275.2144376218807	Species
gelechiidae	3271.80736604448	Species
cultivars	3254.5283390861423	Species
apple	3247.358506835967	Species
leger	3238.713250821711	Species
seasonally	3225.926947511861	Species
variety	3213.6873504985365	Species
colt	3181.761984006157	Species
juveniles	3166.380245847982	Species
caudal	3164.282065223924	Species
season	376438.90259702405	SportsSeason
football	54967.489901046814	SportsSeason
team	52040.732761373736	SportsSeason
conference	51055.599236280264	SportsSeason
finished	37324.03310788481	SportsSeason
ncaa	34386.47001296092	SportsSeason
playoffs	34351.26090378755	SportsSeason
league	33030.88981588416	SportsSeason
record	30883.930268456683	SportsSeason
division	28660.350164331576	SportsSeason
head	25326.7597114113	SportsSeason
bowl	25274.500592630728	SportsSeason
coach	23113.56107993556	SportsSeason
franchise	22219.44456441119	SportsSeason
games	20814.16727245264	SportsSeason
consecutive	20226.632714284446	SportsSeason
yards	20040.336479186215	SportsSeason
opponents	17185.607925905842	SportsSeason
represented	17077.97637225146	SportsSeason
outscored	15846.958805850387	SportsSeason
nfl	15111.837793101784	SportsSeason
home	14446.003428840222	SportsSeason
nfc	14069.807646187313	SportsSeason
quarterback	12176.985347260113	SportsSeason
lost	11538.097523876442	SportsSeason
fbs	10533.625299006168	SportsSeason
rushing	9685.79495430637	SportsSeason
afc	8884.551541541907	SportsSeason
finish	8461.717067894835	SportsSeason
basketball	8414.202140012683	SportsSeason
game	7969.675406711792	SportsSeason
losing	7955.474892192782	SportsSeason
club	7798.307928786354	SportsSeason
losses	7644.922865732589	SportsSeason
round	7458.401986733238	SportsSeason
led	7408.557044031903	SportsSeason
big	7174.9045068801925	SportsSeason
sec	7172.021428085755	SportsSeason
fcs	7112.256507564041	SportsSeason
compiled	7102.043606930888	SportsSeason
patriots	6868.848553248247	SportsSeason
stoke	6863.091650895728	SportsSeason
tie	6807.4550335262375	SportsSeason
improve	6784.466111076275	SportsSeason
offense	6605.129420236221	SportsSeason
packers	6320.183404890624	SportsSeason
playoff	6238.634799995593	SportsSeason
cowboys	6155.4822104076065	SportsSeason
49ers	5909.403738297863	SportsSeason
fa	5840.760317542639	SportsSeason
rams	5751.8318270343725	SportsSeason
aggies	5603.239034621737	SportsSeason
steelers	5589.320475820086	SportsSeason
regular	5458.850367749838	SportsSeason
postseason	5448.211484076347	SportsSeason
raiders	5407.332586107488	SportsSeason
points	5268.665015576008	SportsSeason
third	5243.435030749375	SportsSeason
wins	5198.921991657996	SportsSeason
mersin	5185.09051828732	SportsSeason
touchdowns	5183.459558290955	SportsSeason
vikings	5166.626471003554	SportsSeason
year	5046.4069031486015	SportsSeason
place	5020.034291641971	SportsSeason
cup	5009.035841733935	SportsSeason
second	4993.4275310363555	SportsSeason
existence	4974.414384127059	SportsSeason
ifl	4942.770349337657	SportsSeason
wildcats	4928.702568465732	SportsSeason
first	4899.439382041378	SportsSeason
lions	4798.1705169997285	SportsSeason
output	4765.020071360316	SportsSeason
overall	4755.228308265875	SportsSeason
huskies	4712.505229506274	SportsSeason
broncos	4696.062945931327	SportsSeason
colts	4689.977845030285	SportsSeason
men	4684.987929521182	SportsSeason
champions	4653.288511914967	SportsSeason
touchdown	4600.591369502953	SportsSeason
redskins	4585.104895689971	SportsSeason
chiefs	4544.1828490076405	SportsSeason
win	4543.3172145946455	SportsSeason
previous	4472.918405988864	SportsSeason
fourth	4471.089775810212	SportsSeason
relegation	4467.938890887907	SportsSeason
defeated	4327.486987209161	SportsSeason
bengals	4199.998281325791	SportsSeason
mac	4079.4719220741636	SportsSeason
dolphins	4066.708995033262	SportsSeason
loss	3883.4880092353387	SportsSeason
stadium	3855.7873925106255	SportsSeason
argonauts	3823.452710698867	SportsSeason
bears	3772.6387763300168	SportsSeason
browns	3687.40005208855	SportsSeason
cardinals	3659.309577413739	SportsSeason
cifl	3657.5288089389546	SportsSeason
knocked	3656.3916832752343	SportsSeason
streak	3638.3369865246964	SportsSeason
chargers	3615.089192937036	SportsSeason
play	3580.3062860555024	SportsSeason
eliminated	3564.5763919780516	SportsSeason
poll	3559.181675363526	SportsSeason
failed	3547.673574318229	SportsSeason
michigan	3452.769836414248	SportsSeason
spartans	3402.4979487723244	SportsSeason
bills	3394.3695386844206	SportsSeason
giants	3382.647435393514	SportsSeason
hoosiers	3349.9891125004724	SportsSeason
seahawks	3296.4069024153346	SportsSeason
jets	3126.783443222429	SportsSeason
eagles	3046.33491436496	SportsSeason
sooners	2954.085898969475	SportsSeason
indoor	2918.3959448126966	SportsSeason
worst	2886.816322527144	SportsSeason
overtime	2876.272436917921	SportsSeason
quarterfinals	2858.8412129668827	SportsSeason
goalscorers	2785.089912012429	SportsSeason
super	2783.8633617103455	SportsSeason
intercollegiate	2753.9830416759924	SportsSeason
players	2740.066112882007	SportsSeason
seed	2705.9826578761053	SportsSeason
qualify	2658.568209485368	SportsSeason
crimson	2644.1965345344465	SportsSeason
uefa	2640.2377816752423	SportsSeason
premier	2626.611071531141	SportsSeason
defensive	2604.5964730852693	SportsSeason
manager	2585.6010210747463	SportsSeason
week	2525.5022778506604	SportsSeason
gators	2523.615247150365	SportsSeason
tide	2488.4166559347823	SportsSeason
dinamo	2481.151194894585	SportsSeason
bid	2432.230342133298	SportsSeason
swc	2431.4374109452597	SportsSeason
finishing	2416.0440305619377	SportsSeason
winning	2406.0314273025047	SportsSeason
improved	2386.923120794751	SportsSeason
ten	2377.799152688516	SportsSeason
divisional	2366.389077246116	SportsSeason
falcons	2352.9636484194943	SportsSeason
athletic	2345.6235838365806	SportsSeason
fifth	2344.0549802382734	SportsSeason
stampeders	2315.6800758034015	SportsSeason
passing	2312.747376646756	SportsSeason
terriers	2256.8599659089004	SportsSeason
wac	2245.657959624358	SportsSeason
buccaneers	2238.0634311576478	SportsSeason
ended	2233.6603566546137	SportsSeason
bulldogs	2208.5908244592806	SportsSeason
history	2191.6733256253997	SportsSeason
born	2190.2506283412054	SportsSeason
invitation	2178.4281495856762	SportsSeason
coached	2133.9296896037795	SportsSeason
interceptions	2120.35610415937	SportsSeason
eskimos	2118.9745710648317	SportsSeason
berth	2097.0527107377675	SportsSeason
straight	2075.957343521217	SportsSeason
alouettes	2024.971906881142	SportsSeason
university	2009.2114602678312	SportsSeason
ucf	1995.6704718262743	SportsSeason
europa	1960.5757577679747	SportsSeason
interprovincial	1931.3600688335646	SportsSeason
fired	1919.828247893887	SportsSeason
arsenal	1910.997241559313	SportsSeason
goals	1905.7704291958296	SportsSeason
pifl	1897.315761225957	SportsSeason
tigers	1893.5051580580114	SportsSeason
wolverines	1881.3421543489915	SportsSeason
socon	1862.2450193235813	SportsSeason
clinched	1862.2115094698613	SportsSeason
tournament	1860.6983452087125	SportsSeason
razorbacks	1823.62574587749	SportsSeason
played	1797.8715240393526	SportsSeason
lsu	1787.3841238919526	SportsSeason
undefeated	1778.8876185660408	SportsSeason
would	1769.711751832812	SportsSeason
sixth	1729.1686616058855	SportsSeason
fc	1700.529929740846	SportsSeason
tier	1663.4296935736734	SportsSeason
whitecaps	1659.9715787138387	SportsSeason
nflel	1654.538069849734	SportsSeason
last	1651.1327013150549	SportsSeason
seventh	1634.0033430293634	SportsSeason
defense	1617.6540776184413	SportsSeason
victory	1614.0232417900352	SportsSeason
college	1596.4493158873015	SportsSeason
caa	1581.9825572506027	SportsSeason
goalscorer	1570.4886634068525	SportsSeason
alabama	1565.0407368898243	SportsSeason
uifl	1562.727821016331	SportsSeason
vanderbilt	1555.739599965632	SportsSeason
automatic	1547.0075019496812	SportsSeason
final	1538.0255710182455	SportsSeason
ap	1513.8485645420083	SportsSeason
acc	1512.3991452940222	SportsSeason
chippewas	1498.630929948095	SportsSeason
siaa	1486.3266579967249	SportsSeason
keydets	1482.1232070087794	SportsSeason
contention	1479.261678867819	SportsSeason
invited	1458.9000391679508	SportsSeason
upset	1447.464730978088	SportsSeason
winless	1441.288922749681	SportsSeason
rivals	1436.4255132505393	SportsSeason
disappointing	1435.499973167227	SportsSeason
eventual	1421.6839804294555	SportsSeason
halas	1421.2266615881358	SportsSeason
tcu	1415.5441274807552	SportsSeason
ravens	1414.7812955148033	SportsSeason
relegated	1410.4508060683836	SportsSeason
texans	1408.4017730390779	SportsSeason
badgers	1404.5078278566662	SportsSeason
yurdu	1403.3205486278423	SportsSeason
midshipmen	1398.0140669524812	SportsSeason
associazione	1392.6290366259686	SportsSeason
roughriders	1388.6012711930875	SportsSeason
buffalo	1384.5735509043216	SportsSeason
preseason	1378.0782268846594	SportsSeason
meac	1367.3454349803555	SportsSeason
posted	1365.6520105891143	SportsSeason
crisler	1351.697512361828	SportsSeason
serie	1346.5788561977677	SportsSeason
fewest	1322.7814974103167	SportsSeason
parcells	1313.9033949743764	SportsSeason
receiver	1308.4010675189154	SportsSeason
cougars	1302.8594054344815	SportsSeason
miami	1293.358448923802	SportsSeason
scorer	1275.6802743717847	SportsSeason
eighth	1273.5880811895627	SportsSeason
soccer	1272.627670305871	SportsSeason
oilers	1272.1051671960684	SportsSeason
scottish	1261.4022638472345	SportsSeason
statistical	1261.1949259382015	SportsSeason
panthers	1257.2774732495157	SportsSeason
ivy	1255.1374733514494	SportsSeason
defeats	1240.6235655406908	SportsSeason
start	1229.9107632252792	SportsSeason
hoyas	1226.5783098936745	SportsSeason
usc	1224.8340003131702	SportsSeason
successive	1221.1778243225335	SportsSeason
tiebreaker	1214.8597182186086	SportsSeason
bcs	1214.3440362194322	SportsSeason
vmi	1206.1070954458776	SportsSeason
pcc	1204.6822608185441	SportsSeason
trying	1204.1583068145642	SportsSeason
signings	1199.188990823547	SportsSeason
benfica	1193.0838118966465	SportsSeason
commodores	1189.8313014009286	SportsSeason
striker	1183.7961656988166	SportsSeason
qb	1165.6745471942775	SportsSeason
mike	1165.026791175176	SportsSeason
apfa	1157.7966090548998	SportsSeason
ninth	1143.5581757524512	SportsSeason
outsiders	1142.5814768031426	SportsSeason
tackle	1130.4876239668909	SportsSeason
tied	1129.8714841470298	SportsSeason
sacked	1128.788595725215	SportsSeason
buckeyes	1126.911074504331	SportsSeason
vaslui	1115.9461856442124	SportsSeason
promotion	1110.3673649381742	SportsSeason
unranked	1107.7771930002677	SportsSeason
tech	1095.2536030811693	SportsSeason
missed	1088.1834822961157	SportsSeason
arena	1083.8588219246712	SportsSeason
purdue	1074.3200003466322	SportsSeason
bison	1069.6987374133894	SportsSeason
championship	1063.0342261578717	SportsSeason
mls	1056.7065216608405	SportsSeason
offensive	1055.3188346247462	SportsSeason
linebacker	1045.664395299757	SportsSeason
queensmen	1042.4662209487342	SportsSeason
cadets	1035.4625170252436	SportsSeason
unbeaten	1021.2797120810515	SportsSeason
trojans	1020.3415500320807	SportsSeason
dallas	1013.9251493050565	SportsSeason
aggregate	1012.2333745340497	SportsSeason
riverrats	1004.1811400551182	SportsSeason
patriot	1003.4688293366595	SportsSeason
world	1001.036698033106	SportsSeason
auburn	998.7050845897254	SportsSeason
lambeau	990.5624563946707	SportsSeason
princeton	987.0079670171127	SportsSeason
tampa	986.4877620270612	SportsSeason
juventus	975.912114175281	SportsSeason
field	974.4108847206194	SportsSeason
competing	969.9675256039897	SportsSeason
calcio	963.866182962881	SportsSeason
belichick	957.4756024310152	SportsSeason
hurons	944.0909146189591	SportsSeason
bombers	941.5463255237793	SportsSeason
kansas	939.2085958293128	SportsSeason
combined	936.857365934728	SportsSeason
jaguars	935.2478289161782	SportsSeason
ranked	931.859572438456	SportsSeason
sportiva	925.416975204734	SportsSeason
fiorentina	922.2318588503442	SportsSeason
halfback	918.2418565998579	SportsSeason
marked	917.6282934956006	SportsSeason
defeat	902.0733271652118	SportsSeason
saints	896.1552774141144	SportsSeason
mcnabb	893.9863015439118	SportsSeason
top	888.7653679208889	SportsSeason
genre	112334.45733483371	TopicalConcept
music	79641.76286783535	TopicalConcept
subgenre	55062.10547814483	TopicalConcept
folk	24876.493733951367	TopicalConcept
bands	20562.17378263673	TopicalConcept
rock	16931.072529528054	TopicalConcept
metal	16917.5011561486	TopicalConcept
dance	15947.916819878208	TopicalConcept
style	13641.741419416026	TopicalConcept
punk	13590.859499086666	TopicalConcept
hop	13562.038783505352	TopicalConcept
styles	12831.849483134776	TopicalConcept
hip	12104.101835506819	TopicalConcept
subgenres	11590.267123469319	TopicalConcept
blues	11521.036770251148	TopicalConcept
rhythms	11266.902907296751	TopicalConcept
instruments	10793.884153570783	TopicalConcept
funk	10675.209786986818	TopicalConcept
genres	10584.660841633135	TopicalConcept
jazz	10002.686095564484	TopicalConcept
hardcore	9876.750610920653	TopicalConcept
pop	9586.907863184268	TopicalConcept
reggae	9226.155383050926	TopicalConcept
rhythm	8440.225035419438	TopicalConcept
drum	7940.294115151312	TopicalConcept
techno	7898.115043050934	TopicalConcept
originated	7542.468450230879	TopicalConcept
cumbia	7371.229173248373	TopicalConcept
disco	7334.707025399502	TopicalConcept
beats	6893.212958129379	TopicalConcept
trance	6680.8534945165775	TopicalConcept
musical	6597.129387501077	TopicalConcept
popular	6073.517382315645	TopicalConcept
samba	6016.856559763302	TopicalConcept
flamenco	5716.645510991026	TopicalConcept
improvisation	5210.622327752915	TopicalConcept
soca	5206.270148739234	TopicalConcept
electronic	5126.825403178503	TopicalConcept
fusion	5110.405634114235	TopicalConcept
dances	5103.007741421745	TopicalConcept
sound	5068.30038754096	TopicalConcept
musicians	4997.752568993811	TopicalConcept
influences	4981.278202859653	TopicalConcept
soul	4940.426900070712	TopicalConcept
tempo	4858.666800458115	TopicalConcept
emerged	4821.6443653284805	TopicalConcept
tempos	4779.93050458144	TopicalConcept
gamelan	4768.522333253818	TopicalConcept
influenced	4727.0321660554955	TopicalConcept
rap	4726.406330523908	TopicalConcept
merengue	4674.333583897597	TopicalConcept
canción	4559.457200714962	TopicalConcept
term	4525.763309288593	TopicalConcept
describe	4447.4901723217845	TopicalConcept
bpm	4417.394673677257	TopicalConcept
subculture	4320.0282973117555	TopicalConcept
ragtime	4137.28868580959	TopicalConcept
sounds	4116.625243929798	TopicalConcept
elements	4030.4670897986284	TopicalConcept
melodic	3997.7447254744234	TopicalConcept
traditional	3982.816060168122	TopicalConcept
often	3895.8961429628052	TopicalConcept
rumba	3880.6893167173403	TopicalConcept
1980s	3694.922174509715	TopicalConcept
salsa	3626.4988881700624	TopicalConcept
wave	3542.9715561939793	TopicalConcept
artists	3511.5082049841794	TopicalConcept
popularity	3502.8579266752186	TopicalConcept
singers	3429.2886910492352	TopicalConcept
songs	3413.941947195866	TopicalConcept
sung	3363.827728093723	TopicalConcept
mainstream	3356.133295872261	TopicalConcept
1990s	3349.0560843506723	TopicalConcept
scene	3332.325193111029	TopicalConcept
instrumentation	3285.697806877325	TopicalConcept
fiddle	3238.759300323634	TopicalConcept
ambient	3173.5918032878094	TopicalConcept
synthesizers	3134.219377886074	TopicalConcept
vocal	3090.580943878082	TopicalConcept
combines	3055.7073956531317	TopicalConcept
dancehall	3006.3651088108145	TopicalConcept
breakbeat	2932.852527501686	TopicalConcept
grunge	2867.2710177302433	TopicalConcept
psychedelic	2849.712882503436	TopicalConcept
garage	2847.8331974624193	TopicalConcept
coined	2775.7926122796875	TopicalConcept
ensembles	2614.560279885064	TopicalConcept
melody	2517.6436539976253	TopicalConcept
porro	2475.572674009834	TopicalConcept
accompaniment	2472.721613829343	TopicalConcept
percussive	2449.4070658352857	TopicalConcept
singing	2428.3849272565276	TopicalConcept
norteño	2350.23379565739	TopicalConcept
lyrics	2347.1707681451594	TopicalConcept
dubstep	2332.318361854692	TopicalConcept
luk	2302.64316255197	TopicalConcept
characterized	2298.36586559914	TopicalConcept
1970s	2268.8203146048986	TopicalConcept
ska	2259.941300215488	TopicalConcept
form	2229.459739551614	TopicalConcept
bluegrass	2214.6483256264237	TopicalConcept
electro	2195.877551517069	TopicalConcept
grindcore	2163.970790092407	TopicalConcept
bebop	2131.901848449332	TopicalConcept
distorted	2126.750470327727	TopicalConcept
popularized	2116.1612513744317	TopicalConcept
guitar	2112.6712060084114	TopicalConcept
interchangeably	2102.354765350858	TopicalConcept
bass	2044.3127923721568	TopicalConcept
britpop	2037.5671052040657	TopicalConcept
gospel	2020.9248429593504	TopicalConcept
fuses	2019.6703680810078	TopicalConcept
early	1990.7422813859018	TopicalConcept
1960s	1978.1858965851434	TopicalConcept
performers	1951.1833548100556	TopicalConcept
italo	1925.8297185416093	TopicalConcept
danced	1911.5118947753574	TopicalConcept
lyrical	1894.4675507514312	TopicalConcept
originating	1868.825019653655	TopicalConcept
movement	1821.292430377337	TopicalConcept
calypso	1794.9869427712827	TopicalConcept
shoegazing	1789.514185845006	TopicalConcept
bomba	1789.514185845006	TopicalConcept
groups	1698.1520730990883	TopicalConcept
igbo	1660.655966237318	TopicalConcept
usually	1589.8906842283036	TopicalConcept
drums	1589.6336490120423	TopicalConcept
melodies	1582.2338110955234	TopicalConcept
chord	1527.0913343159516	TopicalConcept
evolved	1521.1218033491743	TopicalConcept
danceable	1499.3656251261843	TopicalConcept
heavy	1490.767229192542	TopicalConcept
guitars	1487.6384084110882	TopicalConcept
2000s	1456.109971716768	TopicalConcept
noise	1450.7207123026274	TopicalConcept
late	1443.1629610698274	TopicalConcept
creole	1439.3857772681795	TopicalConcept
harmonies	1426.093644364145	TopicalConcept
thrash	1425.3744589240785	TopicalConcept
roots	1423.7294829187178	TopicalConcept
typically	1391.677364738784	TopicalConcept
associated	1373.6221626334575	TopicalConcept
developed	1349.8752219800704	TopicalConcept
tango	1347.5429193190394	TopicalConcept
rave	1337.116285258964	TopicalConcept
exponents	1336.1599163098026	TopicalConcept
percussion	1318.5604141904475	TopicalConcept
nu	1302.731741669506	TopicalConcept
lute	1263.677955447098	TopicalConcept
riffs	1262.4366145555775	TopicalConcept
acid	1253.0115064553054	TopicalConcept
edm	1236.3582550425745	TopicalConcept
samples	1228.9415556613392	TopicalConcept
ensemble	1216.3544576995387	TopicalConcept
rooted	1214.6670395422132	TopicalConcept
rockabilly	1212.3101407677927	TopicalConcept
bassline	1208.8297982668776	TopicalConcept
swing	1171.908017347622	TopicalConcept
instrumental	1165.7418846785606	TopicalConcept
harmonic	1160.204063835248	TopicalConcept
accordion	1135.4279902163066	TopicalConcept
crunk	1129.8919110049428	TopicalConcept
influence	1123.942931451892	TopicalConcept
themes	1110.3228871210708	TopicalConcept
groove	1101.6613228745757	TopicalConcept
roll	1093.375699503572	TopicalConcept
sometimes	1081.3132310339688	TopicalConcept
chorale	1078.029958885332	TopicalConcept
typified	1064.1580191890832	TopicalConcept
pioneered	1058.0824831166362	TopicalConcept
repetitive	1027.7105684949197	TopicalConcept
traditions	1009.8664359973442	TopicalConcept
apala	1002.1195840921812	TopicalConcept
zouk	1002.1195840921812	TopicalConcept
fusing	1002.1195840921812	TopicalConcept
djs	997.0659406362621	TopicalConcept
drumming	978.6573323073129	TopicalConcept
refers	968.5024632303622	TopicalConcept
psychobilly	959.5546768864566	TopicalConcept
instrument	952.1702738036404	TopicalConcept
r	951.777757633157	TopicalConcept
barbershop	945.7262907050624	TopicalConcept
african	918.5201795133698	TopicalConcept
culture	914.115090418888	TopicalConcept
dub	881.1310826631054	TopicalConcept
origins	876.3475639529182	TopicalConcept
folkloric	874.6176244960805	TopicalConcept
marches	870.8989267022808	TopicalConcept
violin	870.1124729643192	TopicalConcept
bop	868.0096933722969	TopicalConcept
accompanied	864.8511172979796	TopicalConcept
improvised	854.9514555809789	TopicalConcept
rocksteady	838.9176852629857	TopicalConcept
electric	835.8782121703454	TopicalConcept
boogie	821.9078125542909	TopicalConcept
metalcore	821.1379322051164	TopicalConcept
forms	816.0856334825121	TopicalConcept
examples	799.8583884388407	TopicalConcept
dancers	797.2698782721345	TopicalConcept
include	796.955841034549	TopicalConcept
revival	796.5419326403534	TopicalConcept
stylistic	794.9383008743974	TopicalConcept
intangible	790.0304290961503	TopicalConcept
gangs	778.0985809950519	TopicalConcept
dj	759.9517262249368	TopicalConcept
abrasive	757.9140774395202	TopicalConcept
amplified	757.9140774395202	TopicalConcept
use	756.4657250305374	TopicalConcept
electronica	749.8324793914762	TopicalConcept
compositions	746.722525839255	TopicalConcept
aesthetic	741.1799692539871	TopicalConcept
word	740.620533418032	TopicalConcept
bongo	722.8497882005847	TopicalConcept
oi	722.8497882005847	TopicalConcept
hindustani	719.9501740713197	TopicalConcept
alternative	719.5534224415667	TopicalConcept
blends	715.6006809280614	TopicalConcept
rapping	714.7072820532621	TopicalConcept
experimentation	714.0214646385859	TopicalConcept
like	713.3020870501012	TopicalConcept
composers	712.5137538008619	TopicalConcept
nueva	701.3242292128817	TopicalConcept
synthpop	696.7740608224606	TopicalConcept
gong	696.2451921991418	TopicalConcept
footwork	696.1217374186671	TopicalConcept
slaves	690.9015561970986	TopicalConcept
slower	685.6541167077352	TopicalConcept
refer	676.179747075377	TopicalConcept
solos	673.7698993873257	TopicalConcept
stylistically	673.7698993873257	TopicalConcept
used	673.0826140805148	TopicalConcept
funky	670.2859136060052	TopicalConcept
generally	670.1192908929784	TopicalConcept
mixing	665.6833508109161	TopicalConcept
jamaican	663.5576521799771	TopicalConcept
spread	656.785539201213	TopicalConcept
español	644.2678974901027	TopicalConcept
vocals	642.2053259498166	TopicalConcept
acts	640.2230352198698	TopicalConcept
incorporates	639.1020711813389	TopicalConcept
rappers	639.0672978222802	TopicalConcept
dancing	634.3116061158408	TopicalConcept
performed	634.2640939377599	TopicalConcept
classical	630.1871088214042	TopicalConcept
especially	620.2877832622523	TopicalConcept
beat	616.5293473795728	TopicalConcept
progressive	613.5037211051387	TopicalConcept
rhyming	610.9398299772121	TopicalConcept
chords	601.0449273272444	TopicalConcept
blend	600.9578435355446	TopicalConcept
gypsy	596.632051629743	TopicalConcept
defined	591.2417570765112	TopicalConcept
1950s	589.768164851049	TopicalConcept
outgrowth	577.132097547397	TopicalConcept
bossa	575.0828566592382	TopicalConcept
many	574.2046057078167	TopicalConcept
flute	572.9610464954992	TopicalConcept
type	571.4640963605516	TopicalConcept
emergence	568.4976087564638	TopicalConcept
música	567.7131662940106	TopicalConcept
haitian	563.6354736186348	TopicalConcept
synthesizer	562.0657131457119	TopicalConcept
cultures	558.5561522324678	TopicalConcept
repertoire	556.7024666163235	TopicalConcept
acoustic	554.342003019502	TopicalConcept
syllables	549.4757207305557	TopicalConcept
klezmer	548.2615485556158	TopicalConcept
enka	548.2615485556158	TopicalConcept
combining	540.944441197186	TopicalConcept
palo	529.3186540654457	TopicalConcept
variant	527.5642496771325	TopicalConcept
ethereal	526.0028302366181	TopicalConcept
glam	523.7066297480967	TopicalConcept
gangsta	519.8509753920102	TopicalConcept
surf	513.7496681596836	TopicalConcept
2010s	511.2735133920481	TopicalConcept
palos	502.7589427055122	TopicalConcept
incorporate	496.7100622118998	TopicalConcept
tradition	494.63835480961427	TopicalConcept
cuban	492.75971060895074	TopicalConcept
afro	492.14602751412593	TopicalConcept
horns	489.1833927448534	TopicalConcept
experimental	489.09662154367527	TopicalConcept
yoruba	488.7236021603771	TopicalConcept
indie	488.4576374641151	TopicalConcept
country	485.20015394098095	TopicalConcept
hardstyle	484.47474919865687	TopicalConcept
stanzas	484.47474919865687	TopicalConcept
christian	480.12098490905885	TopicalConcept
phenomenon	474.56047860800567	TopicalConcept
kraftwerk	468.96939354007225	TopicalConcept
modal	466.01824754731746	TopicalConcept
mandopop	466.01824754731746	TopicalConcept
cappella	460.0775401749837	TopicalConcept
fast	459.3316066780187	TopicalConcept
reggaeton	448.7817569383811	TopicalConcept
catchy	444.12857665457767	TopicalConcept
producers	443.43700183830583	TopicalConcept
secular	441.6484171871128	TopicalConcept
trumpets	441.5462759577492	TopicalConcept
court	317921.4290061838	UnitOfWork
case	251582.7932270249	UnitOfWork
supreme	225109.47142833835	UnitOfWork
amendment	94828.01154483014	UnitOfWork
decision	72592.98894940766	UnitOfWork
clause	48905.51045262124	UnitOfWork
states	41104.08770048358	UnitOfWork
defendant	40708.16472343721	UnitOfWork
united	28720.74346190763	UnitOfWork
statute	27746.562276220917	UnitOfWork
unconstitutional	22652.49272301986	UnitOfWork
act	22332.954810090025	UnitOfWork
opinion	21222.278901829482	UnitOfWork
violated	21184.83726208423	UnitOfWork
upheld	17869.780174456908	UnitOfWork
plaintiff	16585.68844013962	UnitOfWork
whether	15641.968083383692	UnitOfWork
ruled	15479.629322185878	UnitOfWork
violate	13558.887988722763	UnitOfWork
judgment	12897.983163463545	UnitOfWork
conviction	11818.98524685832	UnitOfWork
violation	11448.539298637683	UnitOfWork
patent	11385.99619181542	UnitOfWork
federal	11001.517982103222	UnitOfWork
constitution	10946.022255502805	UnitOfWork
petitioner	10937.556245043088	UnitOfWork
ruling	10718.024304201592	UnitOfWork
justices	10643.350071279452	UnitOfWork
argued	10638.112047122375	UnitOfWork
constitutionality	10471.337983394125	UnitOfWork
cases	10433.037082590316	UnitOfWork
defendants	9645.171343574795	UnitOfWork
jurisdiction	9590.758213987854	UnitOfWork
habeas	8848.049216149197	UnitOfWork
plaintiffs	8489.220879227689	UnitOfWork
fourteenth	8487.784702182136	UnitOfWork
writ	8465.053070067326	UnitOfWork
law	8331.152100959767	UnitOfWork
reversed	8299.897851907997	UnitOfWork
doctrine	8125.131126718009	UnitOfWork
justice	8123.683339801316	UnitOfWork
question	7796.0740448267325	UnitOfWork
scalia	7693.766614403845	UnitOfWork
criminal	7546.047026446435	UnitOfWork
immunity	7457.286516285154	UnitOfWork
damages	7222.456445593734	UnitOfWork
reasonable	7211.55082700132	UnitOfWork
antitrust	7175.644692188971	UnitOfWork
remanded	7125.7220645628495	UnitOfWork
affirmed	6916.640092493906	UnitOfWork
discrimination	6879.563647926702	UnitOfWork
jury	6563.662867623311	UnitOfWork
tax	6373.978908654113	UnitOfWork
dissent	6180.109954570635	UnitOfWork
evidence	6043.710020467288	UnitOfWork
laws	6031.66758618199	UnitOfWork
constitutional	5967.411811173351	UnitOfWork
appeals	5853.17828938932	UnitOfWork
held	5787.042233883991	UnitOfWork
speech	5704.5197472490645	UnitOfWork
ordinance	5668.022354168053	UnitOfWork
overruled	5550.334969146093	UnitOfWork
rights	5480.414652763082	UnitOfWork
warrantless	5140.240448435811	UnitOfWork
suit	5116.322704035633	UnitOfWork
precedent	5052.0321616553	UnitOfWork
arbitration	4870.732247552317	UnitOfWork
overturned	4765.572953046849	UnitOfWork
apply	4745.222742483398	UnitOfWork
filed	4744.479421370763	UnitOfWork
unreasonable	4694.598833219582	UnitOfWork
certiorari	4592.869217069897	UnitOfWork
liable	4586.363104482245	UnitOfWork
liability	4462.684026168588	UnitOfWork
dissented	4421.12438628271	UnitOfWork
warrant	4414.1967115979905	UnitOfWork
sentencing	4338.296220043988	UnitOfWork
protection	4328.751635479484	UnitOfWork
alito	4323.030195828741	UnitOfWork
regulate	4295.310906921367	UnitOfWork
decided	4259.544218548681	UnitOfWork
rehnquist	4225.602165014979	UnitOfWork
petition	4203.072626552264	UnitOfWork
unanimously	4184.691133193068	UnitOfWork
courts	4156.273768575255	UnitOfWork
regarding	4049.7734759862988	UnitOfWork
dissenting	4031.418341424516	UnitOfWork
search	3928.1961756668798	UnitOfWork
seizure	3914.6403160817476	UnitOfWork
unanimous	3825.485662351336	UnitOfWork
sentence	3730.363080898402	UnitOfWork
right	3659.377658934128	UnitOfWork
sued	3653.9043134218405	UnitOfWork
process	3642.462191092337	UnitOfWork
prohibited	3640.1717550143276	UnitOfWork
obscene	3574.2203797225684	UnitOfWork
requirement	3572.7076836127476	UnitOfWork
violates	3532.2029552746394	UnitOfWork
appellant	3409.565865967792	UnitOfWork
involving	3399.9408972819265	UnitOfWork
claims	3372.493833964025	UnitOfWork
appealed	3334.9226224025433	UnitOfWork
trial	3333.1923448182933	UnitOfWork
must	3299.8538450810734	UnitOfWork
concurring	3294.0626098544612	UnitOfWork
taxpayer	3275.9757240676486	UnitOfWork
provisions	3267.0514314369425	UnitOfWork
statutes	3258.8161937876353	UnitOfWork
clarified	3256.4885647611245	UnitOfWork
antonin	3221.949062965626	UnitOfWork
unconstitutionally	3142.246933448312	UnitOfWork
blackmun	3103.7869845517685	UnitOfWork
prohibiting	3100.2026248432144	UnitOfWork
commerce	3089.2116981345944	UnitOfWork
invalidated	3064.9208961684626	UnitOfWork
impose	3043.1662323524174	UnitOfWork
applies	3007.041602779153	UnitOfWork
could	2993.9953769624913	UnitOfWork
concerning	2942.8052797666855	UnitOfWork
breyer	2918.585504790476	UnitOfWork
holding	2853.3102158277966	UnitOfWork
procedure	2741.2268431483785	UnitOfWork
searches	2727.0594313686047	UnitOfWork
respondent	2719.4631805628774	UnitOfWork
amendments	2708.3437739447645	UnitOfWork
discretion	2685.11545125544	UnitOfWork
abortion	2652.016717832803	UnitOfWork
concurred	2638.8006868980733	UnitOfWork
takings	2638.8006868980733	UnitOfWork
erisa	2608.9262636952476	UnitOfWork
statutory	2608.334921294776	UnitOfWork
landmark	2591.533051741243	UnitOfWork
exclusionary	2585.4249124811877	UnitOfWork
infringement	2562.448527040826	UnitOfWork
petitioners	2506.8927560869047	UnitOfWork
taxable	2506.8927560869047	UnitOfWork
lawful	2503.005082680265	UnitOfWork
argument	2475.06995286853	UnitOfWork
privacy	2452.8597015316222	UnitOfWork
unlawful	2435.539083485377	UnitOfWork
claim	2432.2912842137694	UnitOfWork
congress	2430.2333285081854	UnitOfWork
appeal	2398.626848711593	UnitOfWork
provision	2373.300057595522	UnitOfWork
determining	2367.105891361465	UnitOfWork
equal	2361.625524130946	UnitOfWork
affirmative	2358.2643504574726	UnitOfWork
require	2357.4623715471134	UnitOfWork
respondents	2343.8360286058323	UnitOfWork
protections	2342.9588106674123	UnitOfWork
injunction	2328.1804435759404	UnitOfWork
jurors	2292.38671227489	UnitOfWork
prohibit	2289.6390837493286	UnitOfWork
preempted	2282.266820111227	UnitOfWork
crime	2280.600519938956	UnitOfWork
facts	2276.0379083674093	UnitOfWork
requiring	2233.508541687555	UnitOfWork
required	2230.589156874663	UnitOfWork
tort	2203.8366249171577	UnitOfWork
property	2202.3157871507274	UnitOfWork
ginsburg	2201.7441245921564	UnitOfWork
enforcement	2163.7647624768915	UnitOfWork
547	2163.417481024682	UnitOfWork
decisions	2158.479315537735	UnitOfWork
permissible	2150.674596622725	UnitOfWork
consent	2133.44293796161	UnitOfWork
upholding	2116.4838240980193	UnitOfWork
entrapment	2112.798636172819	UnitOfWork
state	2103.451596808057	UnitOfWork
reasoned	2086.0711971410237	UnitOfWork
immunities	2078.1980652059883	UnitOfWork
regulation	2056.879945578954	UnitOfWork
employer	2048.2249426114167	UnitOfWork
denied	2039.6893596535758	UnitOfWork
copyright	2038.9403586265637	UnitOfWork
constitutionally	2030.4669104429934	UnitOfWork
discriminatory	2025.159843538947	UnitOfWork
rule	1976.2995539737155	UnitOfWork
racial	1961.3228399831403	UnitOfWork
filing	1956.8387031384518	UnitOfWork
violating	1941.3732540994529	UnitOfWork
limitations	1935.9292132820142	UnitOfWork
validity	1931.798410470096	UnitOfWork
556	1918.9881000341802	UnitOfWork
legal	1911.683942222614	UnitOfWork
error	1909.855452300679	UnitOfWork
circuit	1883.638447765862	UnitOfWork
citizenship	1877.9865330281696	UnitOfWork
substantive	1874.7260803758977	UnitOfWork
parte	1850.9821019088654	UnitOfWork
remedy	1823.1520373642757	UnitOfWork
imposed	1803.9236790505652	UnitOfWork
clauses	1798.3493528575873	UnitOfWork
punishment	1786.6396531733517	UnitOfWork
inadmissible	1766.0995216423369	UnitOfWork
corpus	1745.1936790182704	UnitOfWork
jeopardy	1742.8204540320412	UnitOfWork
suspect	1734.7660298263656	UnitOfWork
favor	1725.2498440525715	UnitOfWork
prosecution	1724.2235503351617	UnitOfWork
police	1676.2191758292577	UnitOfWork
unless	1675.1244068572041	UnitOfWork
procedural	1668.465590418429	UnitOfWork
testimony	1655.5250977997114	UnitOfWork
lawsuit	1643.0969194763234	UnitOfWork
legality	1632.3534211683445	UnitOfWork
applied	1623.4187902061487	UnitOfWork
seizures	1614.1384329363625	UnitOfWork
113	1610.1723472159279	UnitOfWork
income	1609.8638777166414	UnitOfWork
naturalization	1573.702792407158	UnitOfWork
vague	1573.2690454823985	UnitOfWork
convicted	1569.0741391900651	UnitOfWork
scrutiny	1556.317500797224	UnitOfWork
arrest	1555.5743297484148	UnitOfWork
compel	1550.0993615460832	UnitOfWork
pursuant	1542.7940760437589	UnitOfWork
enforce	1530.8133322019983	UnitOfWork
counsel	1529.6754572483462	UnitOfWork
application	1509.2328717776795	UnitOfWork
jehovah	1507.9225991541944	UnitOfWork
exclude	1507.032093252964	UnitOfWork
arguments	1497.8680070437135	UnitOfWork
deprive	1493.232203672714	UnitOfWork
burden	1464.115189961442	UnitOfWork
waiver	1461.0825907086285	UnitOfWork
firearm	1443.972614171279	UnitOfWork
intent	1441.024485046971	UnitOfWork
gerrymandering	1429.6855608541175	UnitOfWork
interpretation	1428.0116812832075	UnitOfWork
hearing	1426.9642396096162	UnitOfWork
expressly	1416.9983123961115	UnitOfWork
employee	1412.4035001013328	UnitOfWork
verdict	1399.1224111245413	UnitOfWork
regulations	1388.5698338791751	UnitOfWork
exercise	1377.9186905068996	UnitOfWork
applicable	1373.3002700966601	UnitOfWork
obscenity	1365.5174667505655	UnitOfWork
rulings	1361.6010533820408	UnitOfWork
taxes	1361.2973671339628	UnitOfWork
person	1357.8562420049634	UnitOfWork
appellate	1347.0300678374863	UnitOfWork
cruel	1346.765642772564	UnitOfWork
statements	1346.2340893512817	UnitOfWork
privilege	1324.5024652087586	UnitOfWork
circumstances	1320.1934512524044	UnitOfWork
convictions	1314.6524378708266	UnitOfWork
prohibits	1313.011102453538	UnitOfWork
taxpayers	1309.608499781816	UnitOfWork
punitive	1309.608499781816	UnitOfWork
restrictive	1301.0016183574558	UnitOfWork
prohibition	1274.0834725847906	UnitOfWork
souter	1269.8828335965063	UnitOfWork
misdemeanor	1263.8673476360561	UnitOfWork
553	1256.5764821325267	UnitOfWork
securities	1241.4261436073218	UnitOfWork
reservation	1227.3485470730889	UnitOfWork
532	1225.8976266355469	UnitOfWork
restraint	1225.8976266355469	UnitOfWork
judicial	1206.121952177027	UnitOfWork
576	1198.7889087593667	UnitOfWork
majority	1198.0783659138394	UnitOfWork
construed	1192.844572290596	UnitOfWork
invalid	1189.2848187075476	UnitOfWork
tribe	1183.122808597476	UnitOfWork
557	1178.158930140251	UnitOfWork
frankfurter	1177.6979125513553	UnitOfWork
drug	1170.443087303804	UnitOfWork
requirements	1167.7290519183196	UnitOfWork
involuntary	1155.8812391659278	UnitOfWork
arguing	1153.7287077334283	UnitOfWork
denying	1151.2800942394235	UnitOfWork
witnesses	1146.5554196240894	UnitOfWork
monsanto	1139.7699033142762	UnitOfWork
miranda	1138.908574795652	UnitOfWork
concurrence	1137.381369645825	UnitOfWork
patents	1135.778128906227	UnitOfWork
proof	1128.3226968040287	UnitOfWork
denial	1120.2681517653637	UnitOfWork
jurisprudence	1114.9541246343645	UnitOfWork
probable	1114.0080814017545	UnitOfWork
conduct	1112.9999702864025	UnitOfWork
577	1112.5247236755472	UnitOfWork
proceeding	1112.0773681085657	UnitOfWork
payable	1111.9660748865301	UnitOfWork
compensation	1107.1972471311956	UnitOfWork
578	1102.4973567967372	UnitOfWork
balk	1099.6663717095014	UnitOfWork
fraud	1095.1150942291024	UnitOfWork
restrictions	1092.2529388355208	UnitOfWork
without	1085.6206670915608	UnitOfWork
dismiss	1081.4952620139572	UnitOfWork
reasonably	1081.4952620139572	UnitOfWork
reaffirmed	1077.2388418829482	UnitOfWork
exxon	1076.7970579460891	UnitOfWork
issue	1076.1165574188565	UnitOfWork
heard	1068.5461896095553	UnitOfWork
proceedings	1066.5277811272977	UnitOfWork
sufficient	1064.3536762462516	UnitOfWork
overturning	1064.3090239015903	UnitOfWork
album	151896.35902621478	Work
released	137112.13336113803	Work
song	117085.87599641178	Work
published	77794.19712930857	Work
journal	69848.30203867125	Work
magazine	61571.467647980484	Work
manga	47154.349294182735	Work
albums	43705.76986781409	Work
chart	43510.31195329907	Work
studio	43067.74055555176	Work
single	41643.87094512154	Work
newspaper	39785.89369899952	Work
game	38656.77156544746	Work
written	34334.05407194109	Work
series	33776.72429889549	Work
video	32883.43063459162	Work
billboard	30197.118170665435	Work
anime	29249.15662062089	Work
version	28358.485586892937	Work
singles	25890.19623209938	Work
release	22769.91758184185	Work
songs	20279.822952528924	Work
musical	20134.187013781164	Work
publication	19634.26866520071	Work
performed	19236.84479923081	Work
band	18930.324711395246	Work
music	18383.945713186007	Work
discography	18159.224950715994	Work
peaked	17323.94222261445	Work
number	16468.676307495156	Work
playstation	16438.591035742764	Work
copies	16245.943852600443	Work
produced	16038.824687898164	Work
directed	15853.929760191935	Work
contest	15384.757980228944	Work
weekly	15040.697541097414	Work
paper	14841.199737305498	Work
cartoon	14628.484845979478	Work
compilation	14551.085163934858	Work
story	14429.05245989469	Work
monthly	14109.797605235733	Work
hot	14038.84232237247	Work
lyrics	13925.939019599318	Work
daily	13478.397826254493	Work
eurovision	13238.129667091192	Work
japanese	13056.260848429936	Work
animated	12883.632856459397	Work
uk	12738.415770441537	Work
reviews	11926.437722585566	Work
singer	11919.74732218094	Work
charts	11888.607489092892	Work
love	11723.724667352553	Work
issue	11560.921475301706	Work
articles	11334.94052646289	Work
circulation	10886.067696963926	Work
adaptation	10839.24442334071	Work
serialized	10464.551450879413	Work
recording	10244.841572791787	Work
volumes	10027.09983356544	Work
illustrated	9504.37762262443	Work
features	9467.144347902582	Work
born	9314.156665888519	Work
certified	9093.56054552321	Work
sequel	8996.098774740563	Work
live	8627.762850574087	Work
original	8614.620063743425	Work
platinum	8601.312000850901	Work
nintendo	8591.096306000718	Work
recorded	8385.851518750884	Work
adapted	8265.55073213205	Work
play	8177.840392573808	Work
production	8001.523409506967	Work
quarterly	7834.201850665462	Work
broadway	7742.098355950534	Work
premiered	7635.780217055814	Work
novel	7516.184724820801	Work
hepburn	7294.809582988969	Work
film	7258.403111194901	Work
tracks	7245.11911233957	Work
developed	7162.369839753722	Work
issues	7115.050057785211	Work
hit	6971.309352128238	Work
publishes	6830.423471568447	Work
xbox	6787.743608888843	Work
aired	6721.231414716607	Work
animation	6713.156954111356	Work
critics	6678.618960455568	Work
videos	6608.086922486125	Work
league	6529.697223933678	Work
editor	6494.157489620294	Work
gameplay	6461.8381353664145	Work
titled	6383.096799626934	Work
shōnen	6374.916486043013	Work
team	6340.542038211371	Work
dvd	6255.3326883062655	Work
soundtrack	6251.206971116983	Work
news	6190.727921026658	Work
peaking	6163.45620785958	Work
solo	6111.909850135531	Work
online	6059.137697233127	Work
media	5938.718830910851	Work
characters	5766.701228564545	Work
charted	5704.092681007388	Work
football	5697.743721565067	Work
versions	5694.444288500124	Work
newspapers	5675.270708306091	Work
theatre	5551.840444538341	Work
featured	5535.4825061092115	Work
ova	5520.087439287384	Work
cd	5471.254295976197	Work
preceding	5454.839985823152	Work
japan	5366.862842323327	Work
pop	5346.16411779546	Work
season	5339.30378128777	Work
ep	5323.929271930037	Work
girl	5310.177567212633	Work
featuring	5304.486015245016	Work
volume	5269.789101214988	Work
sold	5220.848740016079	Work
episodes	5192.423785982792	Work
review	5118.2398843557185	Work
cover	4994.604307310106	Work
print	4931.577812858863	Work
r	4879.885119702802	Work
publishing	4879.4544304597	Work
played	4677.909498558522	Work
riaa	4610.048833779475	Work
lit	4600.651711962041	Work
poem	4596.91579656797	Work
records	4578.007939949786	Work
tankōbon	4549.125164753865	Work
remix	4438.512925065927	Work
windows	4373.405369788814	Work
covering	4281.929459336248	Work
rock	4259.442048855472	Work
printed	4258.878692548454	Work
editors	4217.425153015614	Work
arcade	4105.381249040995	Work
entertainment	4063.4955103466164	Work
boy	4041.5416895599237	Work
edited	4038.288457421514	Work
wii	4026.777842284935	Work
microsoft	4000.562943386901	Work
ballad	3961.506615745331	Work
plot	3960.816532344869	Work
debuted	3851.8239581785	Work
console	3844.619920368395	Work
theme	3837.43528324447	Work
content	3785.324718297141	Work
editorial	3747.756780910715	Work
located	3734.3007303570407	Work
sega	3687.425035586453	Work
stories	3642.4834591757754	Work
piece	3616.5705372685015	Work
starring	3599.9922396727256	Work
cup	3587.526208974066	Work
serialization	3500.9807960371054	Work
species	3490.843944452211	Work
readers	3489.3491519359386	Work
kodansha	3459.5746449352573	Work
publications	3430.764716136236	Work
national	3427.9446521672126	Work
merrie	3420.89130919361	Work
entry	3355.3328852480527	Work
looney	3340.9064287220035	Work
shōjo	3313.806748878365	Work
website	3308.7851871611874	Work
factor	3302.395473559648	Work
rapper	3264.6385614359738	Work
championship	3263.065440008033	Work
short	3229.181267777593	Work
reached	3228.6271853608428	Work
spawned	3208.4677380651688	Work
promotional	3189.1007225617313	Work
club	3181.6187495195304	Work
chapters	3175.442221713564	Work
bimonthly	3169.6463340020923	Work
covers	3165.3612739339055	Work
tunes	3152.323166707301	Work
river	3140.9572596770076	Work
distributed	3101.4472307381398	Work
placing	3082.215840988581	Work
state	3073.5268973055313	Work
papers	3068.7142094949527	Work
focuses	3010.076107152536	Work
melodies	3004.843989172383	Work
drama	3002.153544070507	Work
track	2982.9889783940707	Work
available	2968.116463019876	Work
edition	2961.5947342681625	Work
download	2939.966036256036	Work
consists	2924.121177931727	Work
adventure	2921.388208621789	Work
readership	2897.5056794877914	Work
hits	2896.0500354135866	Work
reports	2894.61214760504	Work
sales	2887.323091689611	Work
singing	2880.4591703317865	Work
voting	2844.8715889464	Work
productions	2839.2896629202705	Work
shogakukan	2827.453779566012	Work
multiplayer	2823.7528779421987	Work
professional	2811.2983759333183	Work
charting	2805.8078285601096	Work
worldwide	2792.1824336041004	Work
selling	2790.143952702695	Work
computer	2783.807879375443	Work
night	2742.247566342525	Work
title	2724.8979796583426	Work
fantasy	2723.350196327995	Work
playwright	2711.717210090773	Work
bugs	2711.578281664916	Work
composed	2687.51288298305	Work
journals	2677.3799054553638	Work
coach	2670.944710868665	Work
shueisha	2655.003211900799	Work
station	2648.1216025054	Work
strip	2638.2358661160806	Work
grammy	2611.1427225464477	Work
graphics	2603.7513592432006	Work
pages	2603.5724477605977	Work
english	2560.5249743268464	Work
top	2544.449264630802	Work
received	2536.4179553714307	Work
comic	2529.4798362622814	Work
lover	2499.471722070005	Work
topics	2482.724891862023	Work
positive	2480.4806781351526	Work
tells	2473.5549055254546	Work
book	2472.1621227426704	Work
viz	2455.394438374605	Work
extended	2450.1701908220007	Work
press	2447.696584837163	Work
ported	2429.5873196342604	Work
artist	2424.563114420361	Work
scientific	2411.3881455535106	Work
follows	2388.308357799451	Work
debut	2385.080168126306	Work
shoten	2381.58987339142	Work
south	2375.6927083427063	Work
school	2367.3907539366182	Work
dengeki	2358.301110964383	Work
lake	2340.916339153615	Work
district	2322.5790252301563	Work
held	2282.324493238715	Work
served	2264.103632650203	Work
ds	2242.5704737110977	Work
aspects	2233.2827447545556	Work
success	2229.6043899019173	Work
america	2209.982605251334	Work
county	2208.3867114748796	Work
bonus	2206.7143611836586	Work
bunny	2203.835086649465	Work
gundam	2199.4798867493196	Work
dance	2199.4223427952325	Work
performances	2184.0999012268885	Work
vocals	2178.649976378273	Work
set	2168.3267459369654	Work
inspired	2161.035033842218	Work
licensed	2149.2359445040197	Work
academic	2139.4649165684395	Work
seinen	2120.281124936385	Work
sung	2117.18399110563	Work
composer	2116.7310614155303	Work
language	2110.8940438690784	Work
software	2102.6465926184997	Work
tokyopop	2073.279354586024	Work
installment	2056.488575823295	Work
championships	2053.9075510945604	Work
warner	2035.7392750113936	Work
3d	2021.8597240848305	Work
weeks	2021.3940204281014	Work
atari	2020.8034949165046	Work
sings	2020.006960404609	Work
revolves	2006.8164367640284	Work
former	1991.6885568687273	Work
kadokawa	1989.4535290447539	Work
indexed	1983.5953159609246	Work
division	1981.224616473957	Work
member	1977.4996854957183	Work
magical	1977.0782230263133	Work
km	1976.7944622167636	Work
funimation	1974.6938791087132	Work
party	1959.895830425611	Work
eps	1953.560290063823	Work
included	1947.382395319562	Work
citation	1944.4678417668272	Work
puzzle	1936.4441428465439	Work
tournament	1934.9000840038782	Work
tabloid	1914.2526621962488	Work
adventures	1907.2867146379099	Work
originally	1897.1474443818681	Work
daffy	1896.6541171828762	Work
awards	1882.5444665956893	Work
releases	1881.2775751335973	Work
college	1869.585448122972	Work
ios	1866.365021351372	Work
publisher	1860.7831262416942	Work
aria	1850.646702616861	Work
remake	1848.8218712452785	Work
